"Symbol","Name","LastSale","MarketCap","IPOyear","Sector","industry","Summary Quote",
"PIH","1347 Property Insurance Holdings, Inc.","6.8","$40.7M","2014","Finance","Property-Casualty Insurers","https://www.nasdaq.com/symbol/pih",
"PIHPP","1347 Property Insurance Holdings, Inc.","25","n/a","n/a","Finance","Property-Casualty Insurers","https://www.nasdaq.com/symbol/pihpp",
"TURN","180 Degree Capital Corp.","1.93","$60.06M","n/a","Finance","Finance/Investors Services","https://www.nasdaq.com/symbol/turn",
"FLWS","1-800 FLOWERS.COM, Inc.","12.95","$835.75M","1999","Consumer Services","Other Specialty Stores","https://www.nasdaq.com/symbol/flws",
"FCCY","1st Constitution Bancorp (NJ)","21.9","$183.23M","n/a","Finance","Savings Institutions","https://www.nasdaq.com/symbol/fccy",
"SRCE","1st Source Corporation","51.76","$1.39B","n/a","Finance","Major Banks","https://www.nasdaq.com/symbol/srce",
"VNET","21Vianet Group, Inc.","6.41","$717.16M","2011","Technology","Computer Software: Programming, Data Processing","https://www.nasdaq.com/symbol/vnet",
"XXII","22nd Century Group, Inc","2.36","$292.96M","n/a","Consumer Non-Durables","Farming/Seeds/Milling","https://www.nasdaq.com/symbol/xxii",
"TWOU","2U, Inc.","82.68","$4.36B","2014","Technology","Computer Software: Prepackaged Software","https://www.nasdaq.com/symbol/twou",
"DDD","3D Systems Corporation","11.92","$1.36B","n/a","Technology","Computer Software: Prepackaged Software","https://www.nasdaq.com/symbol/ddd",
"MMM","3M Company","217.7","$129.47B","n/a","Health Care","Medical/Dental Instruments","https://www.nasdaq.com/symbol/mmm",
"WBAI","500.com Limited","18.16","$741.02M","2013","Consumer Services","Services-Misc. Amusement & Recreation","https://www.nasdaq.com/symbol/wbai",
"JOBS","51job, Inc.","90.91","$5.62B","2004","Technology","Diversified Commercial Services","https://www.nasdaq.com/symbol/jobs",
"WUBA","58.com Inc.","79.68","$11.67B","2013","Technology","Computer Software: Programming, Data Processing","https://www.nasdaq.com/symbol/wuba",
"CAFD","8point3 Energy Partners LP","12","$949.12M","2015","Public Utilities","Electric Utilities: Central","https://www.nasdaq.com/symbol/cafd",
"EGHT","8x8 Inc","18.85","$1.74B","n/a","Public Utilities","Telecommunications Equipment","https://www.nasdaq.com/symbol/eght",
"AVHI","A V Homes, Inc.","19.5","$435.79M","n/a","Capital Goods","Homebuilding","https://www.nasdaq.com/symbol/avhi",
"SHLM","A. Schulman, Inc.","42.95","$1.27B","1972","Basic Industries","Major Chemicals","https://www.nasdaq.com/symbol/shlm",
"AHC","A.H. Belo Corporation","5.25","$114.29M","n/a","Consumer Services","Newspapers/Magazines","https://www.nasdaq.com/symbol/ahc",
"ATEN","A10 Networks, Inc.","6.27","$443.61M","2014","Technology","Computer Communications Equipment","https://www.nasdaq.com/symbol/aten",
"AAC","AAC Holdings, Inc.","11.07","$270.77M","2014","Health Care","Medical Specialities","https://www.nasdaq.com/symbol/aac",
"AAON","AAON, Inc.","35.3","$1.85B","n/a","Capital Goods","Industrial Machinery/Components","https://www.nasdaq.com/symbol/aaon",
"AIR","AAR Corp.","43.86","$1.52B","n/a","Capital Goods","Aerospace","https://www.nasdaq.com/symbol/air",
"AAN","Aaron&#39;s,  Inc.","47.28","$3.43B","n/a","Technology","Diversified Commercial Services","https://www.nasdaq.com/symbol/aan",
"ABAX","ABAXIS, Inc.","73.78","$1.67B","1992","Capital Goods","Industrial Machinery/Components","https://www.nasdaq.com/symbol/abax",
"ABB","ABB Ltd","23.01","$49.21B","n/a","Consumer Durables","Electrical Products","https://www.nasdaq.com/symbol/abb",
"ABT","Abbott Laboratories","59.27","$103.51B","n/a","Health Care","Major Pharmaceuticals","https://www.nasdaq.com/symbol/abt",
"ABBV","AbbVie Inc.","92.6","$146.93B","2012","Health Care","Major Pharmaceuticals","https://www.nasdaq.com/symbol/abbv",
"ABEO","Abeona Therapeutics Inc.","20.1","$949.26M","n/a","Health Care","Major Pharmaceuticals","https://www.nasdaq.com/symbol/abeo",
"ABEOW","Abeona Therapeutics Inc.","14.998","n/a","n/a","Health Care","Major Pharmaceuticals","https://www.nasdaq.com/symbol/abeow",
"ANF","Abercrombie & Fitch Company","28.04","$1.91B","n/a","Consumer Services","Clothing/Shoe/Accessory Stores","https://www.nasdaq.com/symbol/anf",
"FAX","Aberdeen Asia-Pacific Income Fund Inc","4.72","$1.19B","1986","n/a","n/a","https://www.nasdaq.com/symbol/fax",
"IAF","Aberdeen Australia Equity Fund Inc","6.04","$137.36M","n/a","n/a","n/a","https://www.nasdaq.com/symbol/iaf",
"CH","Aberdeen Chile Fund, Inc.","9.36","$87.59M","n/a","n/a","n/a","https://www.nasdaq.com/symbol/ch",
"ABE           ","Aberdeen Emerging Markets Smaller Company Opportunities Fund I","14.91","$141.42M","n/a","n/a","n/a","https://www.nasdaq.com/symbol/abe",
"FCO","Aberdeen Global Income Fund, Inc.","8.71","$75.99M","1992","n/a","n/a","https://www.nasdaq.com/symbol/fco",
"GCH","Aberdeen Greater China Fund, Inc.","13.5816","$119.75M","1992","n/a","n/a","https://www.nasdaq.com/symbol/gch",
"ACP","Aberdeen Income Credit Strategies Fund","14.04","$183.56M","2011","n/a","n/a","https://www.nasdaq.com/symbol/acp",
"IF","Aberdeen Indonesia Fund, Inc.","7.44","$68.87M","1990","n/a","n/a","https://www.nasdaq.com/symbol/if",
"ISL","Aberdeen Israel Fund, Inc.","20.29","$80.05M","1992","n/a","n/a","https://www.nasdaq.com/symbol/isl",
"JEQ","Aberdeen Japan Equity Fund, Inc. ","9.12","$122M","1992","n/a","n/a","https://www.nasdaq.com/symbol/jeq",
"SGF","Aberdeen Singapore Fund, Inc.","13.56","$100.6M","1990","n/a","n/a","https://www.nasdaq.com/symbol/sgf",
"ABIL","Ability Inc.","3.35","$8.63M","2014","Consumer Durables","Telecommunications Equipment","https://www.nasdaq.com/symbol/abil",
"ABMD","ABIOMED, Inc.","296.32","$13.12B","n/a","Health Care","Medical/Dental Instruments","https://www.nasdaq.com/symbol/abmd",
"ABLX","Ablynx NV","55.09","$4.15B","2017","Health Care","Biotechnology: Biological Products (No Diagnostic Substances)","https://www.nasdaq.com/symbol/ablx",
"ABM","ABM Industries Incorporated","32.46","$2.13B","n/a","Finance","Diversified Commercial Services","https://www.nasdaq.com/symbol/abm",
"AXAS","Abraxas Petroleum Corporation","2.71","$449.59M","n/a","Energy","Oil & Gas Production","https://www.nasdaq.com/symbol/axas",
"ACIU","AC Immune SA","8.8","$504.73M","2016","Health Care","Major Pharmaceuticals","https://www.nasdaq.com/symbol/aciu",
"ACIA","Acacia Communications, Inc.","25.63","$1.03B","2016","Technology","Semiconductors","https://www.nasdaq.com/symbol/acia",
"ACTG","Acacia Research Corporation","3.3","$167.11M","n/a","Miscellaneous","Multi-Sector Companies","https://www.nasdaq.com/symbol/actg",
"ACHC","Acadia Healthcare Company, Inc.","38.8","$3.42B","n/a","Health Care","Medical Specialities","https://www.nasdaq.com/symbol/achc",
"ACAD","ACADIA Pharmaceuticals Inc.","18.98","$2.37B","2004","Health Care","Major Pharmaceuticals","https://www.nasdaq.com/symbol/acad",
"AKR","Acadia Realty Trust","23.94","$1.98B","n/a","Consumer Services","Real Estate Investment Trusts","https://www.nasdaq.com/symbol/akr",
"ACST","Acasti Pharma, Inc.","1.1","$28.2M","n/a","Health Care","Major Pharmaceuticals","https://www.nasdaq.com/symbol/acst",
"AXDX","Accelerate Diagnostics, Inc.","24.3","$1.36B","n/a","Capital Goods","Biotechnology: Laboratory Analytical Instruments","https://www.nasdaq.com/symbol/axdx",
"XLRN","Acceleron Pharma Inc.","37.48","$1.7B","2013","Health Care","Biotechnology: Biological Products (No Diagnostic Substances)","https://www.nasdaq.com/symbol/xlrn",
"ACN","Accenture plc","151.42","$101.91B","2001","Miscellaneous","Business Services","https://www.nasdaq.com/symbol/acn",
"ANCX","Access National Corporation","29.44","$609.31M","n/a","Finance","Savings Institutions","https://www.nasdaq.com/symbol/ancx",
"ACCO","Acco Brands Corporation","13.15","$1.42B","n/a","Consumer Durables","Publishing","https://www.nasdaq.com/symbol/acco",
"ARAY","Accuray Incorporated","4.85","$413.68M","2007","Health Care","Medical/Dental Instruments","https://www.nasdaq.com/symbol/aray",
"ACRX","AcelRx Pharmaceuticals, Inc.","2.4","$122.16M","2011","Health Care","Major Pharmaceuticals","https://www.nasdaq.com/symbol/acrx",
"ACER","Acer Therapeutics Inc.","19.49","$146.12M","n/a","Health Care","Major Pharmaceuticals","https://www.nasdaq.com/symbol/acer",
"ACET","Aceto Corporation","7.3","$224.57M","n/a","Health Care","Other Pharmaceuticals","https://www.nasdaq.com/symbol/acet",
"AKAO","Achaogen, Inc.","12.21","$546.1M","2014","Health Care","Major Pharmaceuticals","https://www.nasdaq.com/symbol/akao",
"ACHV","Achieve Life Sciences, Inc. ","1.32","$16.83M","n/a","Health Care","Biotechnology: In Vitro & In Vivo Diagnostic Substances","https://www.nasdaq.com/symbol/achv",
"ACHN","Achillion Pharmaceuticals, Inc.","3.56","$490.9M","2006","Health Care","Major Pharmaceuticals","https://www.nasdaq.com/symbol/achn",
"ACIW","ACI Worldwide, Inc.","24.52","$2.84B","n/a","Technology","Computer Software: Prepackaged Software","https://www.nasdaq.com/symbol/aciw",
"ACRS","Aclaris Therapeutics, Inc.","17.78","$549.43M","2015","Health Care","Major Pharmaceuticals","https://www.nasdaq.com/symbol/acrs",
"ACMR","ACM Research, Inc.","12.7","$195.61M","2017","Technology","Industrial Machinery/Components","https://www.nasdaq.com/symbol/acmr",
"ACU","Acme United Corporation.","20.3","$68.49M","1988","Capital Goods","Industrial Machinery/Components","https://www.nasdaq.com/symbol/acu",
"ACNB","ACNB Corporation","29.3","$205.79M","n/a","Finance","Major Banks","https://www.nasdaq.com/symbol/acnb",
"ACOR","Acorda Therapeutics, Inc.","23.35","$1.1B","2006","Health Care","Biotechnology: Biological Products (No Diagnostic Substances)","https://www.nasdaq.com/symbol/acor",
"ATV","Acorn International, Inc.","23.058","$61.83M","2007","Consumer Services","Other Specialty Stores","https://www.nasdaq.com/symbol/atv",
"ATNM","Actinium Pharmaceuticals, Inc.","0.3798","$41.85M","n/a","Health Care","Major Pharmaceuticals","https://www.nasdaq.com/symbol/atnm",
"SQZZ","Active Alts Contrarian ETF","24.9","$622549.8","n/a","n/a","n/a","https://www.nasdaq.com/symbol/sqzz",
"ATVI","Activision Blizzard, Inc","66.56","$50.49B","n/a","Technology","Computer Software: Prepackaged Software","https://www.nasdaq.com/symbol/atvi",
"ATU","Actuant Corporation","23.8","$1.44B","n/a","Technology","Industrial Machinery/Components","https://www.nasdaq.com/symbol/atu",
"AYI","Acuity Brands Inc","130.52","$5.35B","n/a","Consumer Durables","Building Products","https://www.nasdaq.com/symbol/ayi",
"GOLF","Acushnet Holdings Corp.","24.3","$1.82B","2016","Consumer Non-Durables","Recreational Products/Toys","https://www.nasdaq.com/symbol/golf",
"ACXM","Acxiom Corporation","24.59","$1.93B","n/a","Technology","EDP Services","https://www.nasdaq.com/symbol/acxm",
"ADMS","Adamas Pharmaceuticals, Inc.","24.37","$653.29M","2014","Health Care","Major Pharmaceuticals","https://www.nasdaq.com/symbol/adms",
"ADMP","Adamis Pharmaceuticals Corporation","3.65","$121.87M","n/a","Health Care","Major Pharmaceuticals","https://www.nasdaq.com/symbol/admp",
"ADX","Adams Diversified Equity Fund, Inc.","14.93","$1.48B","n/a","n/a","n/a","https://www.nasdaq.com/symbol/adx",
"PEO","Adams Natural Resources Fund, Inc.","19.34","$552.18M","n/a","n/a","n/a","https://www.nasdaq.com/symbol/peo",
"AE","Adams Resources & Energy, Inc.","45.99","$193.97M","n/a","Energy","Oil Refining/Marketing","https://www.nasdaq.com/symbol/ae",
"ADAP","Adaptimmune Therapeutics plc","12.36","$1.16B","2015","Health Care","Biotechnology: Biological Products (No Diagnostic Substances)","https://www.nasdaq.com/symbol/adap",
"ADUS","Addus HomeCare Corporation","53.75","$625.16M","2009","Health Care","Medical/Nursing Services","https://www.nasdaq.com/symbol/adus",
"AEY","ADDvantage Technologies Group, Inc.","1.23","$12.58M","n/a","Consumer Services","Office Equipment/Supplies/Services","https://www.nasdaq.com/symbol/aey",
"AGRO","Adecoagro S.A.","7.87","$963.14M","2011","Consumer Non-Durables","Farming/Seeds/Milling","https://www.nasdaq.com/symbol/agro",
"IOTS","Adesto Technologies Corporation","8.8","$188.27M","2015","Technology","Semiconductors","https://www.nasdaq.com/symbol/iots",
"ADNT","Adient plc","66.01","$6.16B","2016","Capital Goods","Auto Parts:O.E.M.","https://www.nasdaq.com/symbol/adnt",
"ADMA","ADMA Biologics Inc","5.07","$229.76M","n/a","Health Care","Biotechnology: Biological Products (No Diagnostic Substances)","https://www.nasdaq.com/symbol/adma",
"ADBE","Adobe Systems Incorporated","226.52","$111.55B","1986","Technology","Computer Software: Prepackaged Software","https://www.nasdaq.com/symbol/adbe",
"ADOM","ADOMANI, Inc.","0.84","$60.26M","2017","Capital Goods","Auto Parts:O.E.M.","https://www.nasdaq.com/symbol/adom",
"ADT","ADT Inc.","8.99","$6.73B","2018","Consumer Services","Diversified Commercial Services","https://www.nasdaq.com/symbol/adt",
"ATGE","Adtalem Global Education Inc.","49.9","$3.01B","n/a","Consumer Services","Other Consumer Services","https://www.nasdaq.com/symbol/atge",
"ADTN","ADTRAN, Inc.","15.55","$744.91M","1994","Public Utilities","Telecommunications Equipment","https://www.nasdaq.com/symbol/adtn",
"ADRO","Aduro Biotech, Inc.","7.5","$607.55M","2015","Health Care","Major Pharmaceuticals","https://www.nasdaq.com/symbol/adro",
"AAP","Advance Auto Parts Inc","106.45","$7.87B","n/a","Consumer Services","Other Specialty Stores","https://www.nasdaq.com/symbol/aap",
"ADSW","Advanced Disposal Services, Inc.","22.74","$2.01B","2016","Public Utilities","Environmental Services","https://www.nasdaq.com/symbol/adsw",
"WMS","Advanced Drainage Systems, Inc.","25","$1.41B","2014","Capital Goods","Containers/Packaging","https://www.nasdaq.com/symbol/wms",
"ADES","Advanced Emissions Solutions, Inc.","11.03","$223.99M","n/a","Basic Industries","Major Chemicals","https://www.nasdaq.com/symbol/ades",
"AEIS","Advanced Energy Industries, Inc.","67.25","$2.67B","1995","Capital Goods","Industrial Machinery/Components","https://www.nasdaq.com/symbol/aeis",
"AMD","Advanced Micro Devices, Inc.","10.09","$9.78B","n/a","Technology","Semiconductors","https://www.nasdaq.com/symbol/amd",
"ASX","Advanced Semiconductor Engineering, Inc.","7.63","$13.34B","n/a","Technology","Semiconductors","https://www.nasdaq.com/symbol/asx",
"ASIX","AdvanSix Inc.","36.54","$1.11B","2016","Basic Industries","Major Chemicals","https://www.nasdaq.com/symbol/asix",
"AAV","Advantage Oil & Gas Ltd","3.15","$585.78M","n/a","Energy","Oil & Gas Production","https://www.nasdaq.com/symbol/aav",
"ADXS","Advaxis, Inc.","1.76","$92.07M","n/a","Health Care","Major Pharmaceuticals","https://www.nasdaq.com/symbol/adxs",
"ADXSW","Advaxis, Inc.","0.37","n/a","n/a","Health Care","Major Pharmaceuticals","https://www.nasdaq.com/symbol/adxsw",
"AVK","Advent Claymore Convertible Securities and Income Fund","15.19","$304.46M","2003","n/a","n/a","https://www.nasdaq.com/symbol/avk",
"AGC","Advent Claymore Convertible Securities and Income Fund II","5.62","$153.8M","2007","n/a","n/a","https://www.nasdaq.com/symbol/agc",
"LCM","Advent/Claymore Enhanced Growth & Income Fund","7.9799","$73.27M","2005","n/a","n/a","https://www.nasdaq.com/symbol/lcm",
"ADVM","Adverum Biotechnologies, Inc.","6.35","$395.13M","2014","Health Care","Biotechnology: Biological Products (No Diagnostic Substances)","https://www.nasdaq.com/symbol/advm",
"ACT","AdvisorShares Vice ETF","25.645","$14.1M","n/a","n/a","n/a","https://www.nasdaq.com/symbol/act",
"ACM","AECOM","36.34","$5.78B","2007","Consumer Services","Military/Government/Technical","https://www.nasdaq.com/symbol/acm",
"ANW","Aegean Marine Petroleum Network Inc.","2.4","$97.54M","2006","Energy","Oil Refining/Marketing","https://www.nasdaq.com/symbol/anw",
"AEGN","Aegion Corp","23.91","$779.31M","n/a","Basic Industries","Water Supply","https://www.nasdaq.com/symbol/aegn",
"AGLE","Aeglea BioTherapeutics, Inc.","9.01","$150.61M","2016","Health Care","Major Pharmaceuticals","https://www.nasdaq.com/symbol/agle",
"AEB","Aegon NV","24.57","n/a","n/a","Finance","Life Insurance","https://www.nasdaq.com/symbol/aeb",
"AED","Aegon NV","26.11","n/a","n/a","Finance","Life Insurance","https://www.nasdaq.com/symbol/aed",
"AEG","Aegon NV","7.21","$14.74B","n/a","Finance","Life Insurance","https://www.nasdaq.com/symbol/aeg",
"AEH","Aegon NV","25.96","n/a","n/a","Finance","Life Insurance","https://www.nasdaq.com/symbol/aeh",
"AEK.CL","Aegon NV","n/a","n/a","n/a","n/a","n/a","https://www.nasdaq.com/symbol/aek.cl",
"AEHR","Aehr Test Systems","2.58","$56.64M","1997","Capital Goods","Electrical Products","https://www.nasdaq.com/symbol/aehr",
"AMTX","Aemetis, Inc","1.71","$34.58M","n/a","Basic Industries","Major Chemicals","https://www.nasdaq.com/symbol/amtx",
"AER","Aercap Holdings N.V.","52.26","$8B","2006","Technology","Diversified Commercial Services","https://www.nasdaq.com/symbol/aer",
"AERI","Aerie Pharmaceuticals, Inc.","53.1","$2.1B","2013","Health Care","Biotechnology: Biological Products (No Diagnostic Substances)","https://www.nasdaq.com/symbol/aeri",
"ACY","AeroCentury Corp.","13.45","$19.05M","n/a","Technology","Diversified Commercial Services","https://www.nasdaq.com/symbol/acy",
"HIVE","Aerohive Networks, Inc.","3.98","$217.41M","2014","Technology","EDP Services","https://www.nasdaq.com/symbol/hive",
"AJRD","Aerojet Rocketdyne Holdings, Inc. ","30.45","$2.3B","n/a","Capital Goods","Military/Government/Technical","https://www.nasdaq.com/symbol/ajrd",
"AVAV","AeroVironment, Inc.","56.73","$1.36B","2007","Capital Goods","Aerospace","https://www.nasdaq.com/symbol/avav",
"AEZS","AEterna Zentaris Inc.","1.49","$24.5M","n/a","Health Care","Major Pharmaceuticals","https://www.nasdaq.com/symbol/aezs",
"AEMD","Aethlon Medical, Inc.","1.3234","$22.1M","n/a","Capital Goods","Biotechnology: Laboratory Analytical Instruments","https://www.nasdaq.com/symbol/aemd",
"AET","Aetna Inc.","175.89","$57.54B","n/a","Health Care","Medical Specialities","https://www.nasdaq.com/symbol/aet",
"GNMX","Aevi Genomic Medicine, Inc.","1.5483","$91.87M","n/a","Health Care","Biotechnology: Biological Products (No Diagnostic Substances)","https://www.nasdaq.com/symbol/gnmx",
"AMG","Affiliated Managers Group, Inc.","171.36","$9.31B","n/a","Finance","Investment Managers","https://www.nasdaq.com/symbol/amg",
"AFMD","Affimed N.V.","2.125","$132.58M","2014","Health Care","Major Pharmaceuticals","https://www.nasdaq.com/symbol/afmd",
"AFL","Aflac Incorporated","44.77","$69.78B","n/a","Finance","Accident &Health Insurance","https://www.nasdaq.com/symbol/afl",
"MITT","AG Mortgage Investment Trust, Inc.","17.2","$484.97M","2011","n/a","n/a","https://www.nasdaq.com/symbol/mitt",
"MITT^A","AG Mortgage Investment Trust, Inc.","25.5002","n/a","n/a","n/a","n/a","https://www.nasdaq.com/symbol/mitt^a",
"MITT^B","AG Mortgage Investment Trust, Inc.","25.128","n/a","n/a","n/a","n/a","https://www.nasdaq.com/symbol/mitt^b",
"AGCO","AGCO Corporation","65.51","$5.21B","n/a","Capital Goods","Industrial Machinery/Components","https://www.nasdaq.com/symbol/agco",
"UAVS","AgEagle Aerial Systems, Inc.","4.07","$40.24M","n/a","Capital Goods","Aerospace","https://www.nasdaq.com/symbol/uavs",
"AGEN","Agenus Inc.","4.11","$421.51M","2000","Health Care","Biotechnology: Biological Products (No Diagnostic Substances)","https://www.nasdaq.com/symbol/agen",
"AGRX","Agile Therapeutics, Inc.","2.91","$99.66M","2014","Health Care","Major Pharmaceuticals","https://www.nasdaq.com/symbol/agrx",
"A","Agilent Technologies, Inc.","68.17","$21.98B","1999","Capital Goods","Biotechnology: Laboratory Analytical Instruments","https://www.nasdaq.com/symbol/a",
"AGYS","Agilysys, Inc.","12.19","$284.19M","n/a","Technology","EDP Services","https://www.nasdaq.com/symbol/agys",
"AGIO","Agios Pharmaceuticals, Inc.","86.02","$4.93B","2013","Health Care","Major Pharmaceuticals","https://www.nasdaq.com/symbol/agio",
"AGNC","AGNC Investment Corp.","18.74","$7.33B","2008","Consumer Services","Real Estate Investment Trusts","https://www.nasdaq.com/symbol/agnc",
"AGNCB","AGNC Investment Corp.","25.496","$8.83B","n/a","Consumer Services","Real Estate Investment Trusts","https://www.nasdaq.com/symbol/agncb",
"AGNCN","AGNC Investment Corp.","25.45","n/a","n/a","Consumer Services","Real Estate Investment Trusts","https://www.nasdaq.com/symbol/agncn",
"AEM","Agnico Eagle Mines Limited","45.2","$10.54B","n/a","Basic Industries","Precious Metals","https://www.nasdaq.com/symbol/aem",
"ADC","Agree Realty Corporation","48.93","$1.52B","n/a","Consumer Services","Real Estate Investment Trusts","https://www.nasdaq.com/symbol/adc",
"AGFS","AgroFresh Solutions, Inc.","7.35","$374.14M","2014","Finance","Business Services","https://www.nasdaq.com/symbol/agfs",
"AGFSW","AgroFresh Solutions, Inc.","0.5","n/a","2014","Finance","Business Services","https://www.nasdaq.com/symbol/agfsw",
"ALRN","Aileron Therapeutics, Inc.","6.96","$102.55M","2017","Health Care","Major Pharmaceuticals","https://www.nasdaq.com/symbol/alrn",
"AIMT","Aimmune Therapeutics, Inc.","31.01","$1.8B","2015","Health Care","Major Pharmaceuticals","https://www.nasdaq.com/symbol/aimt",
"AIRI","Air Industries Group","1.7492","$43.49M","n/a","Capital Goods","Military/Government/Technical","https://www.nasdaq.com/symbol/airi",
"AL","Air Lease Corporation","42.58","$4.43B","2011","Technology","Diversified Commercial Services","https://www.nasdaq.com/symbol/al",
"APD","Air Products and Chemicals, Inc.","165.43","$36.22B","n/a","Basic Industries","Major Chemicals","https://www.nasdaq.com/symbol/apd",
"AIRT","Air T, Inc.","25.0854","$51.24M","n/a","Transportation","Air Freight/Delivery Services","https://www.nasdaq.com/symbol/airt",
"ATSG","Air Transport Services Group, Inc","22.13","$1.31B","n/a","Transportation","Air Freight/Delivery Services","https://www.nasdaq.com/symbol/atsg",
"AYR","Aircastle Limited","20","$1.57B","2006","Technology","Diversified Commercial Services","https://www.nasdaq.com/symbol/ayr",
"AIRG","Airgain, Inc.","8.515","$82.1M","2016","Technology","Radio And Television Broadcasting And Communications Equipment","https://www.nasdaq.com/symbol/airg",
"AMCN","AirMedia Group Inc","0.75","$47.11M","2007","Technology","Advertising","https://www.nasdaq.com/symbol/amcn",
"AKS","AK Steel Holding Corporation","4.53","$1.43B","n/a","Basic Industries","Steel/Iron Ore","https://www.nasdaq.com/symbol/aks",
"AKAM","Akamai Technologies, Inc.","71.64","$12.18B","1999","Miscellaneous","Business Services","https://www.nasdaq.com/symbol/akam",
"AKTX","Akari Therapeutics Plc","1.97","$30.06M","n/a","Health Care","Major Pharmaceuticals","https://www.nasdaq.com/symbol/aktx",
"AKCA","Akcea Therapeutics, Inc.","22.37","$1.49B","2017","Health Care","Major Pharmaceuticals","https://www.nasdaq.com/symbol/akca",
"AKBA","Akebia Therapeutics, Inc.","9.95","$481.04M","2014","Health Care","Major Pharmaceuticals","https://www.nasdaq.com/symbol/akba",
"AKER","Akers Biosciences Inc","0.5425","$44.47M","2014","Health Care","Biotechnology: In Vitro & In Vivo Diagnostic Substances","https://www.nasdaq.com/symbol/aker",
"AKRX","Akorn, Inc.","18.69","$2.34B","n/a","Health Care","Major Pharmaceuticals","https://www.nasdaq.com/symbol/akrx",
"AKTS","Akoustis Technologies, Inc.","4.91","$109.59M","n/a","Public Utilities","Telecommunications Equipment","https://www.nasdaq.com/symbol/akts",
"ALP^Q","Alabama Power Company","25.29","n/a","n/a","n/a","n/a","https://www.nasdaq.com/symbol/alp^q",
"ALG","Alamo Group, Inc.","115.59","$1.35B","n/a","Capital Goods","Industrial Machinery/Components","https://www.nasdaq.com/symbol/alg",
"AGI","Alamos Gold Inc.","5.65","$2.2B","2015","Basic Industries","Precious Metals","https://www.nasdaq.com/symbol/agi",
"ALRM","Alarm.com Holdings, Inc.","40.25","$1.9B","2015","Technology","Computer Software: Prepackaged Software","https://www.nasdaq.com/symbol/alrm",
"ALK","Alaska Air Group, Inc.","65.21","$8.05B","n/a","Transportation","Air Freight/Delivery Services","https://www.nasdaq.com/symbol/alk",
"ALSK","Alaska Communications Systems Group, Inc.","1.51","$79.31M","1999","Public Utilities","Telecommunications Equipment","https://www.nasdaq.com/symbol/alsk",
"AIN","Albany International Corporation","64.25","$2.07B","n/a","Basic Industries","Textiles","https://www.nasdaq.com/symbol/ain",
"ALB","Albemarle Corporation","96.87","$10.73B","n/a","Basic Industries","Major Chemicals","https://www.nasdaq.com/symbol/alb",
"ALBO","Albireo Pharma, Inc.","33.1","$393.8M","n/a","Health Care","Major Pharmaceuticals","https://www.nasdaq.com/symbol/albo",
"ABDC","Alcentra Capital Corp.","6.7","$95.18M","n/a","n/a","n/a","https://www.nasdaq.com/symbol/abdc",
"AA","Alcoa Corporation","55.03","$10.25B","2016","Basic Industries","Aluminum","https://www.nasdaq.com/symbol/aa",
"ALDR","Alder BioPharmaceuticals, Inc.","14.55","$987.14M","2014","Health Care","Major Pharmaceuticals","https://www.nasdaq.com/symbol/aldr",
"ALDX","Aldeyra Therapeutics, Inc.","7","$137.65M","2014","Health Care","Major Pharmaceuticals","https://www.nasdaq.com/symbol/aldx",
"ALEX","Alexander & Baldwin, Inc.","23.18","$1.67B","n/a","Consumer Services","Real Estate Investment Trusts","https://www.nasdaq.com/symbol/alex",
"ALX","Alexander&#39;s, Inc.","392.6","$2.01B","n/a","Consumer Services","Real Estate Investment Trusts","https://www.nasdaq.com/symbol/alx",
"ARE","Alexandria Real Estate Equities, Inc.","122.93","$12.45B","n/a","Consumer Services","Real Estate Investment Trusts","https://www.nasdaq.com/symbol/are",
"ARE^D","Alexandria Real Estate Equities, Inc.","35.2503","n/a","n/a","n/a","n/a","https://www.nasdaq.com/symbol/are^d",
"AXU","Alexco Resource Corp","1.53","$155.51M","n/a","Basic Industries","Precious Metals","https://www.nasdaq.com/symbol/axu",
"ALXN","Alexion Pharmaceuticals, Inc.","109.48","$24.34B","1996","Health Care","Major Pharmaceuticals","https://www.nasdaq.com/symbol/alxn",
"AQN","Algonquin Power & Utilities Corp.","9.81","$4.25B","2016","Public Utilities","Electric Utilities: Central","https://www.nasdaq.com/symbol/aqn",
"BABA","Alibaba Group Holding Limited","174.7","$448.25B","2014","Miscellaneous","Business Services","https://www.nasdaq.com/symbol/baba",
"ALCO","Alico, Inc.","31.75","$261.92M","n/a","Consumer Non-Durables","Farming/Seeds/Milling","https://www.nasdaq.com/symbol/alco",
"ALGN","Align Technology, Inc.","265.5","$21.28B","2001","Health Care","Industrial Specialties","https://www.nasdaq.com/symbol/algn",
"ALIM","Alimera Sciences, Inc.","1.12","$91.74M","2010","Health Care","Major Pharmaceuticals","https://www.nasdaq.com/symbol/alim",
"ALO","Alio Gold Inc.","2.06","$92.04M","2011","Basic Industries","Precious Metals","https://www.nasdaq.com/symbol/alo",
"ALJJ","ALJ Regional Holdings, Inc.","2.19","$83.05M","n/a","Miscellaneous","Business Services","https://www.nasdaq.com/symbol/aljj",
"ALKS","Alkermes plc","44.43","$6.89B","1991","Health Care","Major Pharmaceuticals","https://www.nasdaq.com/symbol/alks",
"Y","Alleghany Corporation","592.59","$9.12B","n/a","Finance","Property-Casualty Insurers","https://www.nasdaq.com/symbol/y",
"ATI","Allegheny Technologies Incorporated","25.88","$3.25B","n/a","Basic Industries","Steel/Iron Ore","https://www.nasdaq.com/symbol/ati",
"ABTX","Allegiance Bancshares, Inc.","40.85","$542.68M","2015","Finance","Major Banks","https://www.nasdaq.com/symbol/abtx",
"ALGT","Allegiant Travel Company","146.4","$2.35B","2006","Transportation","Air Freight/Delivery Services","https://www.nasdaq.com/symbol/algt",
"ALLE","Allegion plc","85.37","$8.13B","2013","Consumer Services","Diversified Commercial Services","https://www.nasdaq.com/symbol/alle",
"ALNA","Allena Pharmaceuticals, Inc.","13.68","$283.12M","2017","Health Care","Biotechnology: Biological Products (No Diagnostic Substances)","https://www.nasdaq.com/symbol/alna",
"AGN","Allergan plc.","166.45","$54.53B","2013","Health Care","Major Pharmaceuticals","https://www.nasdaq.com/symbol/agn",
"ALE","Allete, Inc.","73.14","$3.75B","n/a","Public Utilities","Power Generation","https://www.nasdaq.com/symbol/ale",
"AKP","Alliance California Municipal Income Fund Inc","12.82","$109.67M","2002","n/a","n/a","https://www.nasdaq.com/symbol/akp",
"ADS","Alliance Data Systems Corporation","210.55","$11.68B","2001","Miscellaneous","Business Services","https://www.nasdaq.com/symbol/ads",
"AHGP","Alliance Holdings GP, L.P.","23.39","$1.4B","2006","Energy","Coal Mining","https://www.nasdaq.com/symbol/ahgp",
"AMMA","Alliance MMA, Inc.","0.4255","$5.39M","2016","Consumer Services","Services-Misc. Amusement & Recreation","https://www.nasdaq.com/symbol/amma",
"AFB","Alliance National Municipal Income Fund Inc","12.56","$361.04M","2002","n/a","n/a","https://www.nasdaq.com/symbol/afb",
"AOI","Alliance One International, Inc.","28.75","$259M","n/a","Consumer Services","Farming/Seeds/Milling","https://www.nasdaq.com/symbol/aoi",
"ARLP","Alliance Resource Partners, L.P.","16.55","$2.17B","1999","Energy","Coal Mining","https://www.nasdaq.com/symbol/arlp",
"AWF","Alliance World Dollar Government Fund II","11.87","$1.02B","1993","n/a","n/a","https://www.nasdaq.com/symbol/awf",
"AB","AllianceBernstein Holding L.P.","26.9","$2.59B","n/a","Finance","Investment Managers","https://www.nasdaq.com/symbol/ab",
"LNT","Alliant Energy Corporation","41.59","$9.63B","n/a","Public Utilities","Power Generation","https://www.nasdaq.com/symbol/lnt",
"CBH","AllianzGI Convertible & Income 2024 Target Term Fund","9.21","$168.15M","2017","n/a","n/a","https://www.nasdaq.com/symbol/cbh",
"NCV","AllianzGI Convertible & Income Fund","6.78","$602.96M","2003","n/a","n/a","https://www.nasdaq.com/symbol/ncv",
"NCZ","AllianzGI Convertible & Income Fund II","5.93","$444.85M","2003","n/a","n/a","https://www.nasdaq.com/symbol/ncz",
"ACV","AllianzGI Diversified Income & Convertible Fund","22.69","$233.14M","2015","n/a","n/a","https://www.nasdaq.com/symbol/acv",
"NIE","AllianzGI Equity & Convertible Income Fund","21.19","$587.15M","2007","n/a","n/a","https://www.nasdaq.com/symbol/nie",
"NFJ","AllianzGI NFJ Dividend, Interest & Premium Strategy Fund","12.76","$1.21B","2005","Finance","Finance: Consumer Services","https://www.nasdaq.com/symbol/nfj",
"AHPI","Allied Healthcare Products, Inc.","2.57","$10.31M","1992","Health Care","Industrial Specialties","https://www.nasdaq.com/symbol/ahpi",
"AMOT","Allied Motion Technologies, Inc.","41.5","$391.22M","n/a","Capital Goods","Electrical Products","https://www.nasdaq.com/symbol/amot",
"ALQA","Alliqua BioMedical, Inc.","2.3099","$11.56M","n/a","Health Care","Medical/Dental Instruments","https://www.nasdaq.com/symbol/alqa",
"ALSN","Allison Transmission Holdings, Inc.","41.48","$5.74B","2012","Capital Goods","Auto Parts:O.E.M.","https://www.nasdaq.com/symbol/alsn",
"ALLT","Allot Communications Ltd.","5.31","$178.35M","2006","Technology","Computer Communications Equipment","https://www.nasdaq.com/symbol/allt",
"MDRX","Allscripts Healthcare Solutions, Inc.","12.22","$2.17B","n/a","Technology","EDP Services","https://www.nasdaq.com/symbol/mdrx",
"ALL","Allstate Corporation (The)","97.53","$34.44B","n/a","Finance","Property-Casualty Insurers","https://www.nasdaq.com/symbol/all",
"ALL^A","Allstate Corporation (The)","25.28","n/a","n/a","n/a","n/a","https://www.nasdaq.com/symbol/all^a",
"ALL^B","Allstate Corporation (The)","25.61","n/a","n/a","n/a","n/a","https://www.nasdaq.com/symbol/all^b",
"ALL^C","Allstate Corporation (The)","25.54","n/a","n/a","n/a","n/a","https://www.nasdaq.com/symbol/all^c",
"ALL^D","Allstate Corporation (The)","26","n/a","n/a","n/a","n/a","https://www.nasdaq.com/symbol/all^d",
"ALL^E","Allstate Corporation (The)","26.12","n/a","n/a","n/a","n/a","https://www.nasdaq.com/symbol/all^e",
"ALL^F","Allstate Corporation (The)","25.93","n/a","n/a","n/a","n/a","https://www.nasdaq.com/symbol/all^f",
"ALL^G","Allstate Corporation (The)","25.349","n/a","n/a","n/a","n/a","https://www.nasdaq.com/symbol/all^g",
"ALLY","Ally Financial Inc.","27.38","$11.87B","2014","Finance","Finance: Consumer Services","https://www.nasdaq.com/symbol/ally",
"ALLY^A","Ally Financial Inc.","26.42","n/a","n/a","n/a","n/a","https://www.nasdaq.com/symbol/ally^a",
"AAU","Almaden Minerals, Ltd.","0.825","$84.31M","2015","Basic Industries","Precious Metals","https://www.nasdaq.com/symbol/aau",
"ALNY","Alnylam Pharmaceuticals, Inc.","95.84","$9.6B","2004","Health Care","Major Pharmaceuticals","https://www.nasdaq.com/symbol/alny",
"AOSL","Alpha and Omega Semiconductor Limited","15.9","$380.77M","2010","Technology","Semiconductors","https://www.nasdaq.com/symbol/aosl",
"APT","Alpha Pro Tech, Ltd.","3.3","$47.16M","n/a","Health Care","Industrial Specialties","https://www.nasdaq.com/symbol/apt",
"GOOG","Alphabet Inc.","1037.98","$721.7B","2004","Technology","Computer Software: Programming, Data Processing","https://www.nasdaq.com/symbol/goog",
"GOOGL","Alphabet Inc.","1046.1","$727.35B","n/a","Technology","Computer Software: Programming, Data Processing","https://www.nasdaq.com/symbol/googl",
"SMCP","AlphaMark Actively Managed Small Cap ETF","25.4675","$28.01M","n/a","n/a","n/a","https://www.nasdaq.com/symbol/smcp",
"ATEC","Alphatec Holdings, Inc.","3.58","$91.19M","2006","Health Care","Medical/Dental Instruments","https://www.nasdaq.com/symbol/atec",
"AGD","Alpine Global Dynamic Dividend Fund","10.54","$132.27M","2006","n/a","n/a","https://www.nasdaq.com/symbol/agd",
"AWP","Alpine Global Premier Properties Fund","6.33","$540.63M","2007","n/a","n/a","https://www.nasdaq.com/symbol/awp",
"ALPN","Alpine Immune Sciences, Inc.","7.75","$107.31M","2015","Health Care","Major Pharmaceuticals","https://www.nasdaq.com/symbol/alpn",
"AOD","Alpine Total Dynamic Dividend Fund","9.01","$969.42M","2007","n/a","n/a","https://www.nasdaq.com/symbol/aod",
"SWIN","ALPS/Dorsey Wright Sector Momentum ETF","30.005","$10.5M","n/a","n/a","n/a","https://www.nasdaq.com/symbol/swin",
"AMR","Alta Mesa Resources, Inc.","7.13","$2.73B","2017","Finance","Business Services","https://www.nasdaq.com/symbol/amr",
"AMRWW","Alta Mesa Resources, Inc.","1.44","n/a","2017","Finance","Business Services","https://www.nasdaq.com/symbol/amrww",
"AABA","Altaba Inc.","69.92","$57.68B","n/a","Technology","EDP Services","https://www.nasdaq.com/symbol/aaba",
"ALTR","Altair Engineering Inc.","29.39","$1.86B","2017","Technology","Computer Software: Prepackaged Software","https://www.nasdaq.com/symbol/altr",
"AYX","Alteryx, Inc.","35","$2.11B","2017","Technology","Computer Software: Prepackaged Software","https://www.nasdaq.com/symbol/ayx",
"ATUS","Altice USA, Inc.","19.82","$14.61B","2017","Consumer Services","Television Services","https://www.nasdaq.com/symbol/atus",
"ALT","Altimmune, Inc.","0.836","$18.62M","n/a","Health Care","Major Pharmaceuticals","https://www.nasdaq.com/symbol/alt",
"AAMC","Altisource Asset Management Corp","62.25","$99.71M","n/a","Finance","Real Estate","https://www.nasdaq.com/symbol/aamc",
"ASPS","Altisource Portfolio Solutions S.A.","25.7","$447.17M","n/a","Consumer Services","Other Consumer Services","https://www.nasdaq.com/symbol/asps",
"AIMC","Altra Industrial Motion Corp.","45.55","$1.34B","2006","Capital Goods","Industrial Machinery/Components","https://www.nasdaq.com/symbol/aimc",
"MO","Altria Group","64.25","$121.72B","n/a","Consumer Non-Durables","Farming/Seeds/Milling","https://www.nasdaq.com/symbol/mo",
"ACH","Aluminum Corporation of China Limited","15.58","$9.29B","2001","Basic Industries","Aluminum","https://www.nasdaq.com/symbol/ach",
"ALZH","Alzheon, Inc.","n/a","n/a","n/a","Health Care","Major Pharmaceuticals","https://www.nasdaq.com/symbol/alzh",
"AMAG","AMAG Pharmaceuticals, Inc.","20.95","$714.16M","n/a","Health Care","Major Pharmaceuticals","https://www.nasdaq.com/symbol/amag",
"AMRN","Amarin Corporation plc","3.04","$888.65M","n/a","Health Care","Major Pharmaceuticals","https://www.nasdaq.com/symbol/amrn",
"AMRK","A-Mark Precious Metals, Inc.","12.84","$90.28M","n/a","Basic Industries","Other Specialty Stores","https://www.nasdaq.com/symbol/amrk",
"AMZN","Amazon.com, Inc.","1441.5","$697.84B","1997","Consumer Services","Catalog/Specialty Distribution","https://www.nasdaq.com/symbol/amzn",
"AMBC","Ambac Financial Group, Inc.","17.74","$804.19M","n/a","Finance","Property-Casualty Insurers","https://www.nasdaq.com/symbol/ambc",
"AMBCW","Ambac Financial Group, Inc.","8.85","n/a","n/a","Finance","Property-Casualty Insurers","https://www.nasdaq.com/symbol/ambcw",
"AMBA","Ambarella, Inc.","51.66","$1.74B","2012","Technology","Semiconductors","https://www.nasdaq.com/symbol/amba",
"AMBR","Amber Road, Inc.","8.51","$232.51M","2014","Technology","Computer Software: Prepackaged Software","https://www.nasdaq.com/symbol/ambr",
"ABEV","Ambev S.A.","6.67","$104.8B","2013","Consumer Non-Durables","Beverages (Production/Distribution)","https://www.nasdaq.com/symbol/abev",
"AMC","AMC Entertainment Holdings, Inc.","17.15","$2.19B","2013","Consumer Services","Movies/Entertainment","https://www.nasdaq.com/symbol/amc",
"AMCX","AMC Networks Inc.","51.74","$3.14B","n/a","Consumer Services","Television Services","https://www.nasdaq.com/symbol/amcx",
"DIT","AMCON Distributing Company","95","$65.6M","n/a","Consumer Non-Durables","Food Distributors","https://www.nasdaq.com/symbol/dit",
"DOX","Amdocs Limited","66.78","$9.58B","n/a","Technology","EDP Services","https://www.nasdaq.com/symbol/dox",
"AMDA","Amedica Corporation","1.47","$6.29M","2014","Health Care","Medical/Dental Instruments","https://www.nasdaq.com/symbol/amda",
"AMED","Amedisys Inc","66.32","$2.25B","n/a","Health Care","Medical/Nursing Services","https://www.nasdaq.com/symbol/amed",
"UHAL","Amerco","351.16","$6.89B","n/a","Consumer Services","Rental/Leasing Companies","https://www.nasdaq.com/symbol/uhal",
"AEE","Ameren Corporation","56.36","$13.71B","n/a","Public Utilities","Power Generation","https://www.nasdaq.com/symbol/aee",
"AMRC","Ameresco, Inc.","12.1","$548.38M","2010","Basic Industries","Engineering & Construction","https://www.nasdaq.com/symbol/amrc",
"AMRH","Ameri Holdings, Inc.","1.58","$29.69M","n/a","Technology","Semiconductors","https://www.nasdaq.com/symbol/amrh",
"AMRHW","Ameri Holdings, Inc.","0.4","n/a","n/a","Technology","Semiconductors","https://www.nasdaq.com/symbol/amrhw",
"ATAX","America First Multifamily Investors, L.P.","6.2","$374.32M","n/a","Finance","Finance: Consumer Services","https://www.nasdaq.com/symbol/atax",
"AMOV","America Movil, S.A.B. de C.V.","19.45","$64.25B","n/a","Public Utilities","Telecommunications Equipment","https://www.nasdaq.com/symbol/amov",
"AMX","America Movil, S.A.B. de C.V.","19.49","$64.38B","n/a","Public Utilities","Telecommunications Equipment","https://www.nasdaq.com/symbol/amx",
"AAL","American Airlines Group, Inc.","46.4","$21.69B","n/a","Transportation","Air Freight/Delivery Services","https://www.nasdaq.com/symbol/aal",
"AAT","American Assets Trust, Inc.","34","$1.6B","2011","Consumer Services","Real Estate Investment Trusts","https://www.nasdaq.com/symbol/aat",
"AXL","American Axle & Manufacturing Holdings, Inc.","16.27","$1.82B","n/a","Capital Goods","Auto Parts:O.E.M.","https://www.nasdaq.com/symbol/axl",
"ACC","American Campus Communities Inc","38.93","$5.32B","2004","Consumer Services","Real Estate Investment Trusts","https://www.nasdaq.com/symbol/acc",
"ACSF","American Capital Senior Floating, Ltd.","11.35","$113.5M","2014","n/a","n/a","https://www.nasdaq.com/symbol/acsf",
"AEO","American Eagle Outfitters, Inc.","21.63","$3.84B","n/a","Consumer Services","Clothing/Shoe/Accessory Stores","https://www.nasdaq.com/symbol/aeo",
"AEP","American Electric Power Company, Inc.","68.27","$33.61B","n/a","Public Utilities","Electric Utilities: Central","https://www.nasdaq.com/symbol/aep",
"AETI","American Electric Technologies, Inc.","0.798","$6.98M","n/a","Energy","Industrial Machinery/Components","https://www.nasdaq.com/symbol/aeti",
"AEL","American Equity Investment Life Holding Company","30.08","$2.7B","2003","Finance","Life Insurance","https://www.nasdaq.com/symbol/ael",
"AXP","American Express Company","93.6","$80.51B","n/a","Finance","Finance: Consumer Services","https://www.nasdaq.com/symbol/axp",
"AFG","American Financial Group, Inc.","112.24","$9.98B","n/a","Finance","Property-Casualty Insurers","https://www.nasdaq.com/symbol/afg",
"AFGE","American Financial Group, Inc.","25.68","n/a","2014","Finance","Property-Casualty Insurers","https://www.nasdaq.com/symbol/afge",
"AFGH","American Financial Group, Inc.","25.65","n/a","2015","Finance","Property-Casualty Insurers","https://www.nasdaq.com/symbol/afgh",
"AMH","American Homes 4 Rent","19.89","$5.7B","2013","Consumer Services","Real Estate Investment Trusts","https://www.nasdaq.com/symbol/amh",
"AMH^D","American Homes 4 Rent","25.32","n/a","n/a","n/a","n/a","https://www.nasdaq.com/symbol/amh^d",
"AMH^E","American Homes 4 Rent","25.06","n/a","n/a","n/a","n/a","https://www.nasdaq.com/symbol/amh^e",
"AMH^F","American Homes 4 Rent","23.38","n/a","n/a","n/a","n/a","https://www.nasdaq.com/symbol/amh^f",
"AMH^G","American Homes 4 Rent","23.1001","n/a","n/a","n/a","n/a","https://www.nasdaq.com/symbol/amh^g",
"AIG","American International Group, Inc.","54.28","$49.02B","n/a","Finance","Property-Casualty Insurers","https://www.nasdaq.com/symbol/aig",
"AIG.WS","American International Group, Inc.","n/a","n/a","n/a","n/a","n/a","https://www.nasdaq.com/symbol/aig.ws",
"ALN","American Lorain Corporation","0.1875","$7.18M","n/a","Consumer Non-Durables","Packaged Foods","https://www.nasdaq.com/symbol/aln",
"AMID","American Midstream Partners, LP","11.35","$599.88M","2011","Public Utilities","Natural Gas Distribution","https://www.nasdaq.com/symbol/amid",
"AMNB","American National Bankshares, Inc.","39.1","$339.19M","n/a","Finance","Major Banks","https://www.nasdaq.com/symbol/amnb",
"ANAT","American National Insurance Company","122.1","$3.29B","n/a","Finance","Life Insurance","https://www.nasdaq.com/symbol/anat",
"AOBC","American Outdoor Brands Corporation","10.85","$587.31M","n/a","Capital Goods","Ordnance And Accessories","https://www.nasdaq.com/symbol/aobc",
"APEI","American Public Education, Inc.","43","$704.83M","2007","Consumer Services","Other Consumer Services","https://www.nasdaq.com/symbol/apei",
"ARII","American Railcar Industries, Inc.","37.46","$714.88M","2006","Capital Goods","Railroads","https://www.nasdaq.com/symbol/arii",
"ARL","American Realty Investors, Inc.","19.9048","$318.42M","n/a","Finance","Real Estate","https://www.nasdaq.com/symbol/arl",
"ARA","American Renal Associates Holdings, Inc","17.11","$555.71M","2016","Health Care","Hospital/Nursing Management","https://www.nasdaq.com/symbol/ara",
"AMRB","American River Bankshares","15.57","$91.61M","n/a","Finance","Major Banks","https://www.nasdaq.com/symbol/amrb",
"AMS","American Shared Hospital Services","2.45","$13.99M","n/a","Health Care","Medical Specialities","https://www.nasdaq.com/symbol/ams",
"AMSWA","American Software, Inc.","13.09","$398.02M","n/a","Technology","Computer Software: Prepackaged Software","https://www.nasdaq.com/symbol/amswa",
"AWR","American States Water Company","54.08","$1.99B","n/a","Public Utilities","Water Supply","https://www.nasdaq.com/symbol/awr",
"AMSC","American Superconductor Corporation","6.08","$127.3M","1991","Consumer Durables","Metal Fabrications","https://www.nasdaq.com/symbol/amsc",
"AMT","American Tower Corporation (REIT)","138.52","$61.17B","n/a","Consumer Services","Real Estate Investment Trusts","https://www.nasdaq.com/symbol/amt",
"AVD","American Vanguard Corporation","22.75","$679.06M","n/a","Basic Industries","Agricultural Chemicals","https://www.nasdaq.com/symbol/avd",
"AWK","American Water Works","82.62","$14.71B","2008","Public Utilities","Water Supply","https://www.nasdaq.com/symbol/awk",
"AMWD","American Woodmark Corporation","96","$1.68B","1986","Basic Industries","Forest Products","https://www.nasdaq.com/symbol/amwd",
"CRMT","America&#39;s Car-Mart, Inc.","50.8","$351.46M","n/a","Consumer Durables","Automotive Aftermarket","https://www.nasdaq.com/symbol/crmt",
"USAS","Americas Silver Corporation","3.68","$154.31M","2017","Basic Industries","Precious Metals","https://www.nasdaq.com/symbol/usas",
"COLD","Americold Realty Trust","19.36","$2.76B","2018","Consumer Services","Real Estate Investment Trusts","https://www.nasdaq.com/symbol/cold",
"APU","AmeriGas Partners, L.P.","42.27","$3.93B","n/a","Consumer Services","Other Specialty Stores","https://www.nasdaq.com/symbol/apu",
"AMP","AMERIPRISE FINANCIAL SERVICES, INC.","143.59","$20.98B","n/a","Finance","Investment Managers","https://www.nasdaq.com/symbol/amp",
"ABCB","Ameris Bancorp","52.5","$2.01B","1994","Finance","Major Banks","https://www.nasdaq.com/symbol/abcb",
"AMSF","AMERISAFE, Inc.","55.3","$1.06B","2005","Finance","Property-Casualty Insurers","https://www.nasdaq.com/symbol/amsf",
"ASRV","AmeriServ Financial Inc.","4.1","$74.06M","n/a","Finance","Major Banks","https://www.nasdaq.com/symbol/asrv",
"ASRVP","AmeriServ Financial Inc.","27.97","n/a","n/a","Finance","Major Banks","https://www.nasdaq.com/symbol/asrvp",
"ABC","AmerisourceBergen Corporation (Holding Co)","88.77","$19.5B","n/a","Health Care","Other Pharmaceuticals","https://www.nasdaq.com/symbol/abc",
"ATLO","Ames National Corporation","28.2","$262.57M","n/a","Finance","Major Banks","https://www.nasdaq.com/symbol/atlo",
"AMGN","Amgen Inc.","171.38","$114.53B","1983","Health Care","Biotechnology: Biological Products (No Diagnostic Substances)","https://www.nasdaq.com/symbol/amgn",
"FOLD","Amicus Therapeutics, Inc.","14.39","$2.69B","2007","Health Care","Major Pharmaceuticals","https://www.nasdaq.com/symbol/fold",
"ANFI","Amira Nature Foods Ltd","4","$133.07M","2012","Consumer Non-Durables","Packaged Foods","https://www.nasdaq.com/symbol/anfi",
"AMKR","Amkor Technology, Inc.","10.24","$2.45B","1998","Technology","Semiconductors","https://www.nasdaq.com/symbol/amkr",
"AMN","AMN Healthcare Services Inc","65.8","$3.15B","n/a","Technology","Professional Services","https://www.nasdaq.com/symbol/amn",
"AP","Ampco-Pittsburgh Corporation","10.7","$132.28M","n/a","Capital Goods","Fluid Controls","https://www.nasdaq.com/symbol/ap",
"AMPH","Amphastar Pharmaceuticals, Inc.","19.18","$889M","2014","Health Care","Major Pharmaceuticals","https://www.nasdaq.com/symbol/amph",
"APH","Amphenol Corporation","86.47","$26.42B","n/a","Capital Goods","Electrical Products","https://www.nasdaq.com/symbol/aph",
"AMPE","Ampio Pharmaceuticals, Inc.","2.87","$243.52M","n/a","Health Care","Major Pharmaceuticals","https://www.nasdaq.com/symbol/ampe",
"IBUY","Amplify Online Retail ETF","45.28","$278.47M","n/a","n/a","n/a","https://www.nasdaq.com/symbol/ibuy",
"APHB","AmpliPhi Biosciences Corporation","1.15","$18.93M","n/a","Health Care","Biotechnology: Biological Products (No Diagnostic Substances)","https://www.nasdaq.com/symbol/aphb",
"AXR","AMREP Corporation","7.35","$59.53M","n/a","Consumer Services","Newspapers/Magazines","https://www.nasdaq.com/symbol/axr",
"ASYS","Amtech Systems, Inc.","7.64","$113.81M","n/a","Technology","Industrial Machinery/Components","https://www.nasdaq.com/symbol/asys",
"AME","AMTEK, Inc.","75.6","$17.5B","n/a","Consumer Durables","Metal Fabrications","https://www.nasdaq.com/symbol/ame",
"AFSI","AmTrust Financial Services, Inc.","12.59","$2.47B","n/a","Finance","Property-Casualty Insurers","https://www.nasdaq.com/symbol/afsi",
"AFSI^A","AmTrust Financial Services, Inc.","19.0322","n/a","n/a","n/a","n/a","https://www.nasdaq.com/symbol/afsi^a",
"AFSI^B","AmTrust Financial Services, Inc.","19.038","n/a","n/a","n/a","n/a","https://www.nasdaq.com/symbol/afsi^b",
"AFSI^C","AmTrust Financial Services, Inc.","19.78","n/a","n/a","n/a","n/a","https://www.nasdaq.com/symbol/afsi^c",
"AFSI^D","AmTrust Financial Services, Inc.","20.24","n/a","n/a","n/a","n/a","https://www.nasdaq.com/symbol/afsi^d",
"AFSI^E","AmTrust Financial Services, Inc.","22.08","n/a","n/a","n/a","n/a","https://www.nasdaq.com/symbol/afsi^e",
"AFSI^F","AmTrust Financial Services, Inc.","19.13","n/a","n/a","n/a","n/a","https://www.nasdaq.com/symbol/afsi^f",
"AFSS","AmTrust Financial Services, Inc.","23.29","n/a","2015","Finance","Property-Casualty Insurers","https://www.nasdaq.com/symbol/afss",
"AFST","AmTrust Financial Services, Inc.","23.75","n/a","2015","Finance","Property-Casualty Insurers","https://www.nasdaq.com/symbol/afst",
"AMRS","Amyris, Inc.","6.45","$296.98M","2010","Basic Industries","Major Chemicals","https://www.nasdaq.com/symbol/amrs",
"AEUA","Anadarko Petroleum Corporation","30.74","n/a","2015","Energy","Oil & Gas Production","https://www.nasdaq.com/symbol/aeua",
"APC","Anadarko Petroleum Corporation","63.46","$32.7B","n/a","Energy","Oil & Gas Production","https://www.nasdaq.com/symbol/apc",
"ADI","Analog Devices, Inc.","93.14","$34.44B","n/a","Technology","Semiconductors","https://www.nasdaq.com/symbol/adi",
"ALOG","Analogic Corporation","83.2","$1.04B","1972","Capital Goods","Electrical Products","https://www.nasdaq.com/symbol/alog",
"ANAB","AnaptysBio, Inc.","87.49","$2.08B","2017","Health Care","Major Pharmaceuticals","https://www.nasdaq.com/symbol/anab",
"AVXL","Anavex Life Sciences Corp.","2.23","$99.4M","n/a","Health Care","Biotechnology: Commercial Physical & Biological Resarch","https://www.nasdaq.com/symbol/avxl",
"ANCB","Anchor Bancorp","24.5","$60.86M","2011","Finance","Banks","https://www.nasdaq.com/symbol/ancb",
"ANDV","Andeavor","113.84","$17.42B","n/a","Energy","Integrated oil Companies","https://www.nasdaq.com/symbol/andv",
"ANDX","Andeavor Logistics LP","47.99","$10.42B","2011","Energy","Natural Gas Distribution","https://www.nasdaq.com/symbol/andx",
"ANGI","ANGI Homeservices Inc.","13.44","$6.43B","n/a","Consumer Services","Advertising","https://www.nasdaq.com/symbol/angi",
"ANGO","AngioDynamics, Inc.","20.34","$748.6M","2004","Health Care","Medical/Dental Instruments","https://www.nasdaq.com/symbol/ango",
"AU","AngloGold Ashanti Limited","9.17","$3.76B","n/a","Basic Industries","Precious Metals","https://www.nasdaq.com/symbol/au",
"BUD","Anheuser-Busch Inbev SA","104.32","$176.64B","n/a","Consumer Non-Durables","Beverages (Production/Distribution)","https://www.nasdaq.com/symbol/bud",
"ANIP","ANI Pharmaceuticals, Inc.","60.21","$706.78M","n/a","Health Care","Major Pharmaceuticals","https://www.nasdaq.com/symbol/anip",
"ANIK","Anika Therapeutics Inc.","46.62","$685.03M","n/a","Health Care","Medical/Dental Instruments","https://www.nasdaq.com/symbol/anik",
"AXE","Anixter International Inc.","77.85","$2.59B","n/a","Consumer Non-Durables","Telecommunications Equipment","https://www.nasdaq.com/symbol/axe",
"NLY","Annaly Capital Management Inc","10.3","$11.94B","n/a","Consumer Services","Real Estate Investment Trusts","https://www.nasdaq.com/symbol/nly",
"NLY^C","Annaly Capital Management Inc","25.32","n/a","n/a","n/a","n/a","https://www.nasdaq.com/symbol/nly^c",
"NLY^D","Annaly Capital Management Inc","25.25","n/a","n/a","n/a","n/a","https://www.nasdaq.com/symbol/nly^d",
"NLY^F","Annaly Capital Management Inc","25.31","n/a","n/a","n/a","n/a","https://www.nasdaq.com/symbol/nly^f",
"NLY^G","Annaly Capital Management Inc","24.34","n/a","n/a","n/a","n/a","https://www.nasdaq.com/symbol/nly^g",
"ANSS","ANSYS, Inc.","159.99","$13.45B","1996","Technology","Computer Software: Prepackaged Software","https://www.nasdaq.com/symbol/anss",
"ATRS","Antares Pharma, Inc.","2.35","$368.45M","n/a","Health Care","Medical/Dental Instruments","https://www.nasdaq.com/symbol/atrs",
"AMGP","Antero Midstream GP LP","16.57","$3.09B","2017","Public Utilities","Natural Gas Distribution","https://www.nasdaq.com/symbol/amgp",
"AM","Antero Midstream Partners LP","26.77","$5B","2014","Public Utilities","Natural Gas Distribution","https://www.nasdaq.com/symbol/am",
"AR","Antero Resources Corporation","20.62","$6.53B","2013","Energy","Oil & Gas Production","https://www.nasdaq.com/symbol/ar",
"ANTM","Anthem, Inc.","225.27","$57.64B","n/a","Health Care","Medical Specialities","https://www.nasdaq.com/symbol/antm",
"ANTX","Anthem, Inc.","54.34","$14.4B","2015","Health Care","Medical Specialities","https://www.nasdaq.com/symbol/antx",
"ANTH","Anthera Pharmaceuticals, Inc.","0.344","$8.05M","2010","Health Care","Major Pharmaceuticals","https://www.nasdaq.com/symbol/anth",
"ANH","Anworth Mortgage Asset  Corporation","4.74","$465.52M","n/a","Consumer Services","Real Estate Investment Trusts","https://www.nasdaq.com/symbol/anh",
"ANH^A","Anworth Mortgage Asset  Corporation","26.0048","n/a","n/a","n/a","n/a","https://www.nasdaq.com/symbol/anh^a",
"ANH^B","Anworth Mortgage Asset  Corporation","25.25","n/a","n/a","n/a","n/a","https://www.nasdaq.com/symbol/anh^b",
"ANH^C","Anworth Mortgage Asset  Corporation","25","n/a","n/a","n/a","n/a","https://www.nasdaq.com/symbol/anh^c",
"AON","Aon plc","143.78","$35.4B","n/a","Finance","Specialty Insurers","https://www.nasdaq.com/symbol/aon",
"APA","Apache Corporation","40.79","$15.59B","n/a","Energy","Oil & Gas Production","https://www.nasdaq.com/symbol/apa",
"AIV","Apartment Investment and Management Company","40.81","$6.42B","1994","Consumer Services","Real Estate Investment Trusts","https://www.nasdaq.com/symbol/aiv",
"AIV^A","Apartment Investment and Management Company","25.98","n/a","n/a","n/a","n/a","https://www.nasdaq.com/symbol/aiv^a",
"APLS","Apellis Pharmaceuticals, Inc.","30","$1.51B","2017","Health Care","Major Pharmaceuticals","https://www.nasdaq.com/symbol/apls",
"APOG","Apogee Enterprises, Inc.","41.37","$1.18B","n/a","Capital Goods","Auto Parts:O.E.M.","https://www.nasdaq.com/symbol/apog",
"ARI","Apollo Commercial Real Estate Finance","17.88","$1.92B","2009","Consumer Services","Real Estate Investment Trusts","https://www.nasdaq.com/symbol/ari",
"ARI^C","Apollo Commercial Real Estate Finance","25.2","n/a","n/a","n/a","n/a","https://www.nasdaq.com/symbol/ari^c",
"APEN","Apollo Endosurgery, Inc.","5.87","$101.76M","n/a","Health Care","Medical/Dental Instruments","https://www.nasdaq.com/symbol/apen",
"APO","Apollo Global Management, LLC","29.3","$11.99B","2011","Finance","Investment Managers","https://www.nasdaq.com/symbol/apo",
"APO^A","Apollo Global Management, LLC","24.7","n/a","n/a","n/a","n/a","https://www.nasdaq.com/symbol/apo^a",
"APO^B","Apollo Global Management, LLC","24.7","n/a","n/a","n/a","n/a","https://www.nasdaq.com/symbol/apo^b",
"AINV","Apollo Investment Corporation","5.47","$1.18B","2004","n/a","n/a","https://www.nasdaq.com/symbol/ainv",
"AIY","Apollo Investment Corporation","25.22","n/a","2013","n/a","n/a","https://www.nasdaq.com/symbol/aiy",
"AMEH","Apollo Medical Holdings, Inc.","13.52","$441.11M","n/a","Consumer Services","Professional Services","https://www.nasdaq.com/symbol/ameh",
"AFT","Apollo Senior Floating Rate Fund Inc.","16.95","$263.96M","2011","n/a","n/a","https://www.nasdaq.com/symbol/aft",
"AIF","Apollo Tactical Income Fund Inc.","15.81","$228.68M","2013","n/a","n/a","https://www.nasdaq.com/symbol/aif",
"APPF","AppFolio, Inc.","44.6","$1.52B","2015","Technology","Computer Software: Prepackaged Software","https://www.nasdaq.com/symbol/appf",
"APPN","Appian Corporation","26.26","$1.6B","2017","Technology","Computer Software: Prepackaged Software","https://www.nasdaq.com/symbol/appn",
"APLE","Apple Hospitality REIT, Inc.","17.74","$4.09B","2015","Consumer Services","Real Estate Investment Trusts","https://www.nasdaq.com/symbol/aple",
"AAPL","Apple Inc.","175.82","$892.11B","1980","Technology","Computer Manufacturing","https://www.nasdaq.com/symbol/aapl",
"ARCI","Appliance Recycling Centers of America, Inc.","0.8799","$6.05M","n/a","Consumer Services","Home Furnishings","https://www.nasdaq.com/symbol/arci",
"APDN","Applied DNA Sciences Inc","1.43","$43.06M","n/a","Consumer Services","Other Consumer Services","https://www.nasdaq.com/symbol/apdn",
"APDNW","Applied DNA Sciences Inc","0.35","n/a","n/a","Consumer Services","Other Consumer Services","https://www.nasdaq.com/symbol/apdnw",
"AGTC","Applied Genetic Technologies Corporation","4.9","$88.71M","2014","Health Care","Biotechnology: Biological Products (No Diagnostic Substances)","https://www.nasdaq.com/symbol/agtc",
"AIT","Applied Industrial Technologies, Inc.","73.25","$2.83B","n/a","Consumer Durables","Industrial Specialties","https://www.nasdaq.com/symbol/ait",
"AMAT","Applied Materials, Inc.","56.87","$59.75B","1972","Technology","Semiconductors","https://www.nasdaq.com/symbol/amat",
"AAOI","Applied Optoelectronics, Inc.","29.97","$584.44M","2013","Technology","Semiconductors","https://www.nasdaq.com/symbol/aaoi",
"AREX","Approach Resources Inc.","2.68","$252.81M","2007","Energy","Oil & Gas Production","https://www.nasdaq.com/symbol/arex",
"APTI","Apptio, Inc.","29.96","$1.28B","2016","Technology","Computer Software: Prepackaged Software","https://www.nasdaq.com/symbol/apti",
"APRI","Apricus Biosciences, Inc.","0.2714","$6.36M","n/a","Health Care","Major Pharmaceuticals","https://www.nasdaq.com/symbol/apri",
"ATR","AptarGroup, Inc.","94.31","$5.88B","n/a","Consumer Non-Durables","Plastic Products","https://www.nasdaq.com/symbol/atr",
"APVO","Aptevo Therapeutics Inc.","4.46","$94.16M","n/a","Health Care","Major Pharmaceuticals","https://www.nasdaq.com/symbol/apvo",
"APTV","Aptiv PLC","86.92","$23.09B","2011","Capital Goods","Auto Parts:O.E.M.","https://www.nasdaq.com/symbol/aptv",
"APTO","Aptose Biosciences, Inc.","3.56","$104.32M","n/a","Health Care","Biotechnology: Biological Products (No Diagnostic Substances)","https://www.nasdaq.com/symbol/apto",
"WTR","Aqua America, Inc.","33.94","$6.04B","n/a","Public Utilities","Water Supply","https://www.nasdaq.com/symbol/wtr",
"AQMS","Aqua Metals, Inc.","2.26","$64.85M","2015","Basic Industries","Metal Fabrications","https://www.nasdaq.com/symbol/aqms",
"AQB","AquaBounty Technologies, Inc.","3.22","$40.57M","n/a","n/a","n/a","https://www.nasdaq.com/symbol/aqb",
"AQ","Aquantia Corp.","15.59","$522.63M","2017","Technology","Semiconductors","https://www.nasdaq.com/symbol/aq",
"WAAS","AquaVenture Holdings Limited","13.81","$365.99M","2016","Public Utilities","Water Supply","https://www.nasdaq.com/symbol/waas",
"AQXP","Aquinox Pharmaceuticals, Inc.","13.14","$308.67M","2014","Health Care","Major Pharmaceuticals","https://www.nasdaq.com/symbol/aqxp",
"ARDM","Aradigm Corporation","1.58","$23.97M","1996","Health Care","Biotechnology: Electromedical & Electrotherapeutic Apparatus","https://www.nasdaq.com/symbol/ardm",
"ARLZ","Aralez Pharmaceuticals Inc.","1.48","$99.12M","n/a","Health Care","Major Pharmaceuticals","https://www.nasdaq.com/symbol/arlz",
"ARMK","Aramark","37.78","$9.29B","2013","Consumer Services","Restaurants","https://www.nasdaq.com/symbol/armk",
"PETX","Aratana Therapeutics, Inc.","5.14","$235.69M","2013","Health Care","Major Pharmaceuticals","https://www.nasdaq.com/symbol/petx",
"ABR","Arbor Realty Trust","8.65","$540.36M","2004","Consumer Services","Real Estate Investment Trusts","https://www.nasdaq.com/symbol/abr",
"ABR^A","Arbor Realty Trust","25.47","n/a","n/a","n/a","n/a","https://www.nasdaq.com/symbol/abr^a",
"ABR^B","Arbor Realty Trust","25.2","n/a","n/a","n/a","n/a","https://www.nasdaq.com/symbol/abr^b",
"ABR^C","Arbor Realty Trust","25.8775","n/a","n/a","n/a","n/a","https://www.nasdaq.com/symbol/abr^c",
"ABRN.CL","Arbor Realty Trust","n/a","n/a","n/a","n/a","n/a","https://www.nasdaq.com/symbol/abrn.cl",
"ABUS","Arbutus Biopharma Corporation","5.25","$289.12M","n/a","Health Care","Major Pharmaceuticals","https://www.nasdaq.com/symbol/abus",
"ARC","ARC Document Solutions, Inc.","2.21","$99.98M","2004","Consumer Services","Professional Services","https://www.nasdaq.com/symbol/arc",
"ARCW","ARC Group Worldwide, Inc.","2.25","$52.44M","n/a","Capital Goods","Metal Fabrications","https://www.nasdaq.com/symbol/arcw",
"ABIO","ARCA biopharma, Inc.","0.535","$7.44M","n/a","Health Care","Biotechnology: In Vitro & In Vivo Diagnostic Substances","https://www.nasdaq.com/symbol/abio",
"RKDA","Arcadia Biosciences, Inc.","26.22","$63.89M","2015","Basic Industries","Agricultural Chemicals","https://www.nasdaq.com/symbol/rkda",
"ARCB","ArcBest Corporation","34.5","$884.63M","n/a","Transportation","Trucking Freight/Courier Services","https://www.nasdaq.com/symbol/arcb",
"MT","ArcelorMittal","32.88","$33.3B","n/a","Basic Industries","Steel/Iron Ore","https://www.nasdaq.com/symbol/mt",
"ACGL","Arch Capital Group Ltd.","82.14","$11.23B","n/a","Finance","Property-Casualty Insurers","https://www.nasdaq.com/symbol/acgl",
"ACGLO","Arch Capital Group Ltd.","24.36","n/a","n/a","Finance","Property-Casualty Insurers","https://www.nasdaq.com/symbol/acglo",
"ACGLP","Arch Capital Group Ltd.","23.84","n/a","n/a","Finance","Property-Casualty Insurers","https://www.nasdaq.com/symbol/acglp",
"ARCH","Arch Coal, Inc.","95.88","$2B","2016","Energy","Coal Mining","https://www.nasdaq.com/symbol/arch",
"ADM","Archer-Daniels-Midland Company","45.47","$25.41B","n/a","Consumer Non-Durables","Packaged Foods","https://www.nasdaq.com/symbol/adm",
"APLP","Archrock Partners, L.P.","14.12","$1.01B","n/a","Public Utilities","Natural Gas Distribution","https://www.nasdaq.com/symbol/aplp",
"AROC","Archrock, Inc.","10.15","$727.89M","n/a","Public Utilities","Natural Gas Distribution","https://www.nasdaq.com/symbol/aroc",
"FUV","Arcimoto, Inc.","2.901","$46.18M","2017","Consumer Non-Durables","Motor Vehicles","https://www.nasdaq.com/symbol/fuv",
"ARNC^","Arconic Inc.","89.7","n/a","n/a","n/a","n/a","https://www.nasdaq.com/symbol/arnc^",
"ARNC","Arconic Inc.","23.56","$11.37B","n/a","Capital Goods","Metal Fabrications","https://www.nasdaq.com/symbol/arnc",
"ARCO","Arcos Dorados Holdings Inc.","9.25","$1.95B","2011","Consumer Services","Restaurants","https://www.nasdaq.com/symbol/arco",
"ARCT","Arcturus Therapeutics Ltd.","5.29","$55.91M","2013","n/a","n/a","https://www.nasdaq.com/symbol/arct",
"RCUS","Arcus Biosciences, Inc.","16.71","$711.02M","2018","Health Care","Major Pharmaceuticals","https://www.nasdaq.com/symbol/rcus",
"ARD","Ardagh Group S.A.","19","$4.49B","2017","Consumer Durables","Containers/Packaging","https://www.nasdaq.com/symbol/ard",
"ARDX","Ardelyx, Inc.","5.1","$242.78M","2014","Health Care","Major Pharmaceuticals","https://www.nasdaq.com/symbol/ardx",
"ASC","Ardmore Shipping Corporation","8","$259.56M","2013","Transportation","Marine Transportation","https://www.nasdaq.com/symbol/asc",
"ARNA","Arena Pharmaceuticals, Inc.","34.3","$1.69B","2000","Health Care","Major Pharmaceuticals","https://www.nasdaq.com/symbol/arna",
"AFC","Ares Capital Corporation","25.54","$204.32M","n/a","n/a","n/a","https://www.nasdaq.com/symbol/afc",
"ARCC","Ares Capital Corporation","15.975","$6.81B","2004","n/a","n/a","https://www.nasdaq.com/symbol/arcc",
"ACRE","Ares Commercial Real Estate Corporation","12.36","$353.48M","2012","Consumer Services","Real Estate Investment Trusts","https://www.nasdaq.com/symbol/acre",
"ARDC","Ares Dynamic Credit Allocation Fund, Inc.","16.33","$374.98M","2012","n/a","n/a","https://www.nasdaq.com/symbol/ardc",
"ARES","Ares Management L.P.","21.7","$4.62B","2014","Finance","Investment Managers","https://www.nasdaq.com/symbol/ares",
"ARES^A","Ares Management L.P.","26.33","n/a","n/a","n/a","n/a","https://www.nasdaq.com/symbol/ares^a",
"AGX","Argan, Inc.","37.8","$588.46M","n/a","Basic Industries","Engineering & Construction","https://www.nasdaq.com/symbol/agx",
"ARGX","argenx SE","85.05","$2.76B","2017","Health Care","Biotechnology: Biological Products (No Diagnostic Substances)","https://www.nasdaq.com/symbol/argx",
"AGII","Argo Group International Holdings, Ltd.","58.05","$1.7B","n/a","Finance","Specialty Insurers","https://www.nasdaq.com/symbol/agii",
"AGIIL","Argo Group International Holdings, Ltd.","25.35","n/a","n/a","Finance","Specialty Insurers","https://www.nasdaq.com/symbol/agiil",
"ARGS","Argos Therapeutics, Inc.","1.14","$9.02M","2014","Health Care","Major Pharmaceuticals","https://www.nasdaq.com/symbol/args",
"ANET","Arista Networks, Inc.","239.44","$17.69B","2014","Technology","Computer Communications Equipment","https://www.nasdaq.com/symbol/anet",
"ARKR","Ark Restaurants Corp.","24.15","$83M","n/a","Consumer Services","Restaurants","https://www.nasdaq.com/symbol/arkr",
"AI","Arlington Asset Investment Corp","11.18","$314.61M","n/a","Finance","Finance/Investors Services","https://www.nasdaq.com/symbol/ai",
"AI^B","Arlington Asset Investment Corp","24.85","n/a","n/a","n/a","n/a","https://www.nasdaq.com/symbol/ai^b",
"AIC","Arlington Asset Investment Corp","24.2","n/a","2015","Finance","Finance/Investors Services","https://www.nasdaq.com/symbol/aic",
"AIW","Arlington Asset Investment Corp","24.61","n/a","n/a","Finance","Finance/Investors Services","https://www.nasdaq.com/symbol/aiw",
"AHH","Armada Hoffler Properties, Inc.","13.67","$616.52M","2013","Finance","Real Estate","https://www.nasdaq.com/symbol/ahh",
"ARMO","ARMO BioSciences, Inc.","29.16","$886.61M","2018","Health Care","Major Pharmaceuticals","https://www.nasdaq.com/symbol/armo",
"ARR","ARMOUR Residential REIT, Inc.","23.12","$968.69M","n/a","Consumer Services","Real Estate Investment Trusts","https://www.nasdaq.com/symbol/arr",
"ARR^A","ARMOUR Residential REIT, Inc.","25.2801","n/a","n/a","n/a","n/a","https://www.nasdaq.com/symbol/arr^a",
"ARR^B","ARMOUR Residential REIT, Inc.","24.8","n/a","n/a","n/a","n/a","https://www.nasdaq.com/symbol/arr^b",
"AFI","Armstrong Flooring, Inc.","13.84","$356.4M","2016","Consumer Non-Durables","Plastic Products","https://www.nasdaq.com/symbol/afi",
"AWI","Armstrong World Industries Inc","57.1","$3.03B","n/a","Consumer Non-Durables","Plastic Products","https://www.nasdaq.com/symbol/awi",
"ARTX","Arotech Corporation","3.3","$87.29M","1994","Miscellaneous","Industrial Machinery/Components","https://www.nasdaq.com/symbol/artx",
"ARQL","ArQule, Inc.","2.7","$235.2M","1996","Health Care","Major Pharmaceuticals","https://www.nasdaq.com/symbol/arql",
"ARRY","Array BioPharma Inc.","15.02","$3.12B","2000","Health Care","Major Pharmaceuticals","https://www.nasdaq.com/symbol/arry",
"ARRS","ARRIS International plc","27.29","$5.06B","n/a","Technology","Radio And Television Broadcasting And Communications Equipment","https://www.nasdaq.com/symbol/arrs",
"DWCR","Arrow DWA Country Rotation ETF","30.421","$15.21M","n/a","n/a","n/a","https://www.nasdaq.com/symbol/dwcr",
"DWAT","Arrow DWA Tactical ETF","11.7093","$8.2M","n/a","n/a","n/a","https://www.nasdaq.com/symbol/dwat",
"ARW","Arrow Electronics, Inc.","77.03","$6.75B","n/a","Consumer Non-Durables","Electronic Components","https://www.nasdaq.com/symbol/arw",
"AROW","Arrow Financial Corporation","34.6","$482.54M","n/a","Finance","Major Banks","https://www.nasdaq.com/symbol/arow",
"ARWR","Arrowhead Pharmaceuticals, Inc.","6.84","$593.63M","n/a","Health Care","Major Pharmaceuticals","https://www.nasdaq.com/symbol/arwr",
"ASNS","Arsanis, Inc.","15.27","$218.28M","2017","Health Care","Biotechnology: Biological Products (No Diagnostic Substances)","https://www.nasdaq.com/symbol/asns",
"ARTNA","Artesian Resources Corporation","37","$341.24M","n/a","Public Utilities","Water Supply","https://www.nasdaq.com/symbol/artna",
"AJG","Arthur J. Gallagher & Co.","69.28","$12.61B","n/a","Finance","Specialty Insurers","https://www.nasdaq.com/symbol/ajg",
"APAM","Artisan Partners Asset Management Inc.","32.85","$2.53B","2013","Finance","Investment Managers","https://www.nasdaq.com/symbol/apam",
"ARTW","Art&#39;s-Way Manufacturing Co., Inc.","2.614","$10.98M","n/a","Capital Goods","Industrial Machinery/Components","https://www.nasdaq.com/symbol/artw",
"ASA","ASA Gold and Precious Metals Limited","10.85","$209.3M","n/a","n/a","n/a","https://www.nasdaq.com/symbol/asa",
"AKG","Asanko Gold Inc.","1.01","$228.06M","n/a","Basic Industries","Mining & Quarrying of Nonmetallic Minerals (No Fuels)","https://www.nasdaq.com/symbol/akg",
"ABG","Asbury Automotive Group Inc","68.1","$1.42B","2002","Consumer Durables","Automotive Aftermarket","https://www.nasdaq.com/symbol/abg",
"ASNA","Ascena Retail Group, Inc.","2.24","$439.48M","n/a","Consumer Services","Clothing/Shoe/Accessory Stores","https://www.nasdaq.com/symbol/asna",
"ASND","Ascendis Pharma A/S","62.51","$2.6B","2015","Health Care","Major Pharmaceuticals","https://www.nasdaq.com/symbol/asnd",
"ASCMA","Ascent Capital Group, Inc.","4.09","$50.7M","n/a","Consumer Services","Other Consumer Services","https://www.nasdaq.com/symbol/ascma",
"ASGN","ASGN Incorporated","84.52","$4.41B","1992","Technology","Professional Services","https://www.nasdaq.com/symbol/asgn",
"AHP","Ashford Hospitality Prime, Inc.","10.49","$336.94M","2013","Consumer Services","Real Estate Investment Trusts","https://www.nasdaq.com/symbol/ahp",
"AHP^B","Ashford Hospitality Prime, Inc.","19.2173","n/a","n/a","n/a","n/a","https://www.nasdaq.com/symbol/ahp^b",
"AHT","Ashford Hospitality Trust Inc","6.91","$672.89M","2003","Consumer Services","Real Estate Investment Trusts","https://www.nasdaq.com/symbol/aht",
"AHT^D","Ashford Hospitality Trust Inc","25.36","n/a","n/a","n/a","n/a","https://www.nasdaq.com/symbol/aht^d",
"AHT^F","Ashford Hospitality Trust Inc","22.985","n/a","n/a","n/a","n/a","https://www.nasdaq.com/symbol/aht^f",
"AHT^G","Ashford Hospitality Trust Inc","22.86","n/a","n/a","n/a","n/a","https://www.nasdaq.com/symbol/aht^g",
"AHT^H","Ashford Hospitality Trust Inc","23.0168","n/a","n/a","n/a","n/a","https://www.nasdaq.com/symbol/aht^h",
"AHT^I","Ashford Hospitality Trust Inc","22.95","n/a","n/a","n/a","n/a","https://www.nasdaq.com/symbol/aht^i",
"AINC","Ashford Inc.","92.17","$193.87M","2014","Consumer Services","Professional Services","https://www.nasdaq.com/symbol/ainc",
"ASH","Ashland Global Holdings Inc.","70.34","$4.38B","n/a","Consumer Durables","Specialty Chemicals","https://www.nasdaq.com/symbol/ash",
"APB","Asia Pacific Fund, Inc. (The)","14.32","$148.13M","n/a","n/a","n/a","https://www.nasdaq.com/symbol/apb",
"APWC","Asia Pacific Wire & Cable Corporation Limited","2.55","$35.24M","n/a","Basic Industries","Telecommunications Equipment","https://www.nasdaq.com/symbol/apwc",
"GRR","Asia Tigers Fund, Inc. (The)","13.22","$45.83M","n/a","n/a","n/a","https://www.nasdaq.com/symbol/grr",
"ASML","ASML Holding N.V.","206.7","$88.34B","1995","Technology","Industrial Machinery/Components","https://www.nasdaq.com/symbol/asml",
"ASPN","Aspen Aerogels, Inc.","4.47","$105.69M","2014","Consumer Services","RETAIL: Building Materials","https://www.nasdaq.com/symbol/aspn",
"ASPU","Aspen Group Inc.","6.69","$100.83M","n/a","Consumer Services","Other Consumer Services","https://www.nasdaq.com/symbol/aspu",
"AHL","Aspen Insurance Holdings Limited","43.95","$2.62B","2003","Finance","Property-Casualty Insurers","https://www.nasdaq.com/symbol/ahl",
"AHL^C","Aspen Insurance Holdings Limited","26.02","n/a","n/a","n/a","n/a","https://www.nasdaq.com/symbol/ahl^c",
"AHL^D","Aspen Insurance Holdings Limited","24.13","n/a","n/a","n/a","n/a","https://www.nasdaq.com/symbol/ahl^d",
"AZPN","Aspen Technology, Inc.","85.54","$6.15B","1994","Technology","EDP Services","https://www.nasdaq.com/symbol/azpn",
"ASMB","Assembly Biosciences, Inc.","44.93","$909.89M","n/a","Health Care","Major Pharmaceuticals","https://www.nasdaq.com/symbol/asmb",
"ASB","Associated Banc-Corp","24.7","$4.2B","n/a","Finance","Major Banks","https://www.nasdaq.com/symbol/asb",
"ASB.WS","Associated Banc-Corp","n/a","n/a","n/a","n/a","n/a","https://www.nasdaq.com/symbol/asb.ws",
"ASB^C","Associated Banc-Corp","25.85","n/a","n/a","n/a","n/a","https://www.nasdaq.com/symbol/asb^c",
"ASB^D","Associated Banc-Corp","24.7331","n/a","n/a","n/a","n/a","https://www.nasdaq.com/symbol/asb^d",
"AC","Associated Capital Group, Inc.","36.55","$863.87M","2015","Finance","Investment Bankers/Brokers/Service","https://www.nasdaq.com/symbol/ac",
"AIZ","Assurant, Inc.","92.5","$4.86B","2004","Finance","Accident &Health Insurance","https://www.nasdaq.com/symbol/aiz",
"AIZP","Assurant, Inc.","105.51","n/a","n/a","Finance","Accident &Health Insurance","https://www.nasdaq.com/symbol/aizp",
"AGO","Assured Guaranty Ltd.","37.25","$4.28B","2004","Finance","Property-Casualty Insurers","https://www.nasdaq.com/symbol/ago",
"AGO^B","Assured Guaranty Ltd.","25.87","n/a","n/a","n/a","n/a","https://www.nasdaq.com/symbol/ago^b",
"AGO^E","Assured Guaranty Ltd.","25.05","n/a","n/a","n/a","n/a","https://www.nasdaq.com/symbol/ago^e",
"AGO^F","Assured Guaranty Ltd.","24.96","n/a","n/a","n/a","n/a","https://www.nasdaq.com/symbol/ago^f",
"ASFI","Asta Funding, Inc.","3.4","$22.52M","1995","Finance","Finance Companies","https://www.nasdaq.com/symbol/asfi",
"ASTE","Astec Industries, Inc.","57.09","$1.32B","1986","Capital Goods","Construction/Ag Equipment/Trucks","https://www.nasdaq.com/symbol/aste",
"AST","Asterias Biotherapeutics, Inc.","1.4","$75.88M","n/a","Health Care","Biotechnology: Biological Products (No Diagnostic Substances)","https://www.nasdaq.com/symbol/ast",
"AZN","Astrazeneca PLC","35.75","$90.56B","n/a","Health Care","Major Pharmaceuticals","https://www.nasdaq.com/symbol/azn",
"ATRO","Astronics Corporation","37.97","$1.07B","n/a","Capital Goods","Military/Government/Technical","https://www.nasdaq.com/symbol/atro",
"ALOT","AstroNova, Inc.","17.85","$121.37M","1983","Technology","Computer peripheral equipment","https://www.nasdaq.com/symbol/alot",
"ASTC","Astrotech Corporation","2.41","$9.9M","n/a","Capital Goods","Military/Government/Technical","https://www.nasdaq.com/symbol/astc",
"ASUR","Asure Software Inc","14.24","$179.2M","n/a","Technology","EDP Services","https://www.nasdaq.com/symbol/asur",
"ASV","ASV Holdings, Inc.","7.09","$69.59M","2017","Capital Goods","Construction/Ag Equipment/Trucks","https://www.nasdaq.com/symbol/asv",
"HOME","At Home Group Inc.","35.1","$2.16B","2016","Consumer Services","Home Furnishings","https://www.nasdaq.com/symbol/home",
"T","AT&T Inc.","35.64","$231.49B","n/a","Public Utilities","Telecommunications Equipment","https://www.nasdaq.com/symbol/t",
"TBB","AT&T Inc.","25.07","n/a","2017","Public Utilities","Telecommunications Equipment","https://www.nasdaq.com/symbol/tbb",
"ATAI","ATA Inc.","5.3","$128.48M","2008","Consumer Services","Other Consumer Services","https://www.nasdaq.com/symbol/atai",
"ATRA","Atara Biotherapeutics, Inc.","39.3","$1.72B","2014","Health Care","Biotechnology: Biological Products (No Diagnostic Substances)","https://www.nasdaq.com/symbol/atra",
"ATTO","Atento S.A.","8","$591.27M","2014","Public Utilities","Telecommunications Equipment","https://www.nasdaq.com/symbol/atto",
"ATHN","athenahealth, Inc.","144.12","$5.78B","2007","Miscellaneous","Business Services","https://www.nasdaq.com/symbol/athn",
"ATH","Athene Holding Ltd.","48.84","$9.77B","2016","Finance","Life Insurance","https://www.nasdaq.com/symbol/ath",
"ATNX","Athenex, Inc.","17.13","$1.09B","2017","Health Care","Major Pharmaceuticals","https://www.nasdaq.com/symbol/atnx",
"ATHX","Athersys, Inc.","1.94","$267.39M","n/a","Health Care","Major Pharmaceuticals","https://www.nasdaq.com/symbol/athx",
"ATKR","Atkore International Group Inc.","18.87","$875.22M","2016","Miscellaneous","Industrial Machinery/Components","https://www.nasdaq.com/symbol/atkr",
"ATAC","Atlantic Acquisition Corp.","10.05","$59.02M","2017","Consumer Non-Durables","Food Distributors","https://www.nasdaq.com/symbol/atac",
"ATACR","Atlantic Acquisition Corp.","0.639","n/a","2017","Consumer Non-Durables","Food Distributors","https://www.nasdaq.com/symbol/atacr",
"ATACU","Atlantic Acquisition Corp.","10.6","n/a","2017","Consumer Non-Durables","Food Distributors","https://www.nasdaq.com/symbol/atacu",
"AAME","Atlantic American Corporation","3.15","$64.26M","n/a","Finance","Life Insurance","https://www.nasdaq.com/symbol/aame",
"ACBI","Atlantic Capital Bancshares, Inc.","19","$489.67M","n/a","Finance","Major Banks","https://www.nasdaq.com/symbol/acbi",
"ACFC","Atlantic Coast Financial Corporation","10.23","$159.11M","n/a","Finance","Savings Institutions","https://www.nasdaq.com/symbol/acfc",
"AT","Atlantic Power Corporation","2.15","$242.9M","n/a","Energy","Electric Utilities: Central","https://www.nasdaq.com/symbol/at",
"AY","Atlantica Yield plc","19.67","$1.97B","2014","Public Utilities","Electric Utilities: Central","https://www.nasdaq.com/symbol/ay",
"ATLC","Atlanticus Holdings Corporation","2.1287","$32.7M","1995","Finance","Finance: Consumer Services","https://www.nasdaq.com/symbol/atlc",
"AAWW","Atlas Air Worldwide Holdings","64.5","$1.64B","n/a","Transportation","Transportation Services","https://www.nasdaq.com/symbol/aaww",
"AFH","Atlas Financial Holdings, Inc.","11.4","$136.08M","2013","Finance","Property-Casualty Insurers","https://www.nasdaq.com/symbol/afh",
"AFHBL","Atlas Financial Holdings, Inc.","24.5","n/a","n/a","Finance","Property-Casualty Insurers","https://www.nasdaq.com/symbol/afhbl",
"TEAM","Atlassian Corporation Plc","60.68","$14.09B","2015","Technology","Computer Software: Prepackaged Software","https://www.nasdaq.com/symbol/team",
"ATO","Atmos Energy Corporation","84.68","$9.4B","n/a","Public Utilities","Oil/Gas Transmission","https://www.nasdaq.com/symbol/ato",
"ATNI","ATN International, Inc.","66.22","$1.06B","n/a","Public Utilities","Telecommunications Equipment","https://www.nasdaq.com/symbol/atni",
"ATOM","Atomera Incorporated","5.44","$67.24M","2016","Technology","Semiconductors","https://www.nasdaq.com/symbol/atom",
"ATOS","Atossa Genetics Inc.","0.361","$11.49M","2012","Health Care","Major Pharmaceuticals","https://www.nasdaq.com/symbol/atos",
"ATRC","AtriCure, Inc.","21.09","$739.77M","2005","Health Care","Medical/Dental Instruments","https://www.nasdaq.com/symbol/atrc",
"ATRI","Atrion Corporation","606.65","$1.12B","n/a","Health Care","Medical/Dental Instruments","https://www.nasdaq.com/symbol/atri",
"ATTU","Attunity Ltd.","7.8","$161.71M","n/a","Technology","Computer Software: Prepackaged Software","https://www.nasdaq.com/symbol/attu",
"LIFE","aTyr Pharma, Inc.","2.65","$78.96M","2015","Health Care","Biotechnology: Biological Products (No Diagnostic Substances)","https://www.nasdaq.com/symbol/life",
"AUO","AU Optronics Corp","4.34","$4.18B","2002","Technology","Semiconductors","https://www.nasdaq.com/symbol/auo",
"AUBN","Auburn National Bancorporation, Inc.","40.1042","$146.13M","n/a","Finance","Major Banks","https://www.nasdaq.com/symbol/aubn",
"BOLD","Audentes Therapeutics, Inc.","39.76","$1.46B","2016","Health Care","Biotechnology: Biological Products (No Diagnostic Substances)","https://www.nasdaq.com/symbol/bold",
"AUDC","AudioCodes Ltd.","6.98","$201.67M","1999","Public Utilities","Telecommunications Equipment","https://www.nasdaq.com/symbol/audc",
"AUPH","Aurinia Pharmaceuticals Inc","5.43","$456.4M","n/a","Health Care","Major Pharmaceuticals","https://www.nasdaq.com/symbol/auph",
"EARS","Auris Medical Holding AG","1.29","$7.89M","2014","Health Care","Major Pharmaceuticals","https://www.nasdaq.com/symbol/ears",
"AUG","Auryn Resources Inc.","1.37","$117.63M","n/a","Basic Industries","Precious Metals","https://www.nasdaq.com/symbol/aug",
"ADSK","Autodesk, Inc.","129.72","$28.32B","n/a","Technology","Computer Software: Prepackaged Software","https://www.nasdaq.com/symbol/adsk",
"ATHM","Autohome Inc.","96.47","$11.4B","2013","Technology","EDP Services","https://www.nasdaq.com/symbol/athm",
"ALV","Autoliv, Inc.","151.18","$13.17B","n/a","Capital Goods","Auto Parts:O.E.M.","https://www.nasdaq.com/symbol/alv",
"ADP","Automatic Data Processing, Inc.","116.91","$51.82B","n/a","Technology","EDP Services","https://www.nasdaq.com/symbol/adp",
"AN","AutoNation, Inc.","46.89","$4.31B","n/a","Consumer Durables","Automotive Aftermarket","https://www.nasdaq.com/symbol/an",
"AUTO","AutoWeb, Inc.","3.68","$48.11M","n/a","Technology","Computer Software: Programming, Data Processing","https://www.nasdaq.com/symbol/auto",
"AZO","AutoZone, Inc.","604.36","$16.26B","n/a","Consumer Services","Other Specialty Stores","https://www.nasdaq.com/symbol/azo",
"AVDL","Avadel Pharmaceuticals plc","7.15","$271.36M","n/a","Health Care","Major Pharmaceuticals","https://www.nasdaq.com/symbol/avdl",
"AWX","Avalon Holdings Corporation","2.27","$8.63M","n/a","Public Utilities","Environmental Services","https://www.nasdaq.com/symbol/awx",
"AVB","AvalonBay Communities, Inc.","166","$22.94B","n/a","Consumer Services","Real Estate Investment Trusts","https://www.nasdaq.com/symbol/avb",
"AGR","Avangrid, Inc.","50.93","$15.74B","2015","Public Utilities","Electric Utilities: Central","https://www.nasdaq.com/symbol/agr",
"AVYA","Avaya Holdings Corp.","23","$2.53B","n/a","Public Utilities","Telecommunications Equipment","https://www.nasdaq.com/symbol/avya",
"ATXI","Avenue Therapeutics, Inc.","4.65","$47.79M","2017","Health Care","Major Pharmaceuticals","https://www.nasdaq.com/symbol/atxi",
"AVEO","AVEO Pharmaceuticals, Inc.","2.8","$332.83M","2010","Health Care","Major Pharmaceuticals","https://www.nasdaq.com/symbol/aveo",
"AVY","Avery Dennison Corporation","105.98","$9.34B","n/a","Consumer Durables","Containers/Packaging","https://www.nasdaq.com/symbol/avy",
"AVXS","AveXis, Inc.","210.76","$7.76B","2016","Health Care","Biotechnology: Biological Products (No Diagnostic Substances)","https://www.nasdaq.com/symbol/avxs",
"AVH","Avianca Holdings S.A.","8.83","$1.1B","2013","Transportation","Air Freight/Delivery Services","https://www.nasdaq.com/symbol/avh",
"AVNW","Aviat Networks, Inc.","17.31","$92.45M","n/a","Technology","Radio And Television Broadcasting And Communications Equipment","https://www.nasdaq.com/symbol/avnw",
"CDMO","Avid Bioservices, Inc.","3.28","$182.21M","n/a","Health Care","Major Pharmaceuticals","https://www.nasdaq.com/symbol/cdmo",
"CDMOP","Avid Bioservices, Inc.","25","$17.5M","n/a","Health Care","Major Pharmaceuticals","https://www.nasdaq.com/symbol/cdmop",
"AVID","Avid Technology, Inc.","4.58","$189.98M","1993","Technology","Computer Software: Prepackaged Software","https://www.nasdaq.com/symbol/avid",
"AVGR","Avinger, Inc.","1.31","$5.74M","2015","Health Care","Medical/Dental Instruments","https://www.nasdaq.com/symbol/avgr",
"ASM","Avino Silver","1.41","$74.42M","n/a","Basic Industries","Precious Metals","https://www.nasdaq.com/symbol/asm",
"CAR","Avis Budget Group, Inc.","49.6","$4.02B","n/a","Consumer Services","Rental/Leasing Companies","https://www.nasdaq.com/symbol/car",
"AVA","Avista Corporation","51.99","$3.41B","n/a","Public Utilities","Power Generation","https://www.nasdaq.com/symbol/ava",
"AHPA","Avista Healthcare Public Acquisition Corp.","10","$387.5M","2016","Health Care","Biotechnology: Commercial Physical & Biological Resarch","https://www.nasdaq.com/symbol/ahpa",
"AHPAU","Avista Healthcare Public Acquisition Corp.","10.33","n/a","2016","Health Care","Biotechnology: Commercial Physical & Biological Resarch","https://www.nasdaq.com/symbol/ahpau",
"AHPAW","Avista Healthcare Public Acquisition Corp.","0.3","n/a","2016","Health Care","Biotechnology: Commercial Physical & Biological Resarch","https://www.nasdaq.com/symbol/ahpaw",
"AVT","Avnet, Inc.","42.08","$5.05B","n/a","Consumer Non-Durables","Electronic Components","https://www.nasdaq.com/symbol/avt",
"AVP","Avon Products, Inc.","2.77","$1.22B","n/a","Consumer Non-Durables","Package Goods/Cosmetics","https://www.nasdaq.com/symbol/avp",
"AVX","AVX Corporation","17.06","$2.87B","n/a","Capital Goods","Electrical Products","https://www.nasdaq.com/symbol/avx",
"AWRE","Aware, Inc.","4.107","$88.49M","1996","Technology","Computer Software: Prepackaged Software","https://www.nasdaq.com/symbol/awre",
"AXTA","Axalta Coating Systems Ltd.","32.65","$8B","2014","Basic Industries","Paints/Coatings","https://www.nasdaq.com/symbol/axta",
"ACLS","Axcelis Technologies, Inc.","24.45","$785.68M","2000","Technology","Industrial Machinery/Components","https://www.nasdaq.com/symbol/acls",
"AXS","Axis Capital Holdings Limited","56.65","$4.73B","2003","Finance","Property-Casualty Insurers","https://www.nasdaq.com/symbol/axs",
"AXS^D","Axis Capital Holdings Limited","24.63","n/a","n/a","n/a","n/a","https://www.nasdaq.com/symbol/axs^d",
"AXS^E","Axis Capital Holdings Limited","24.33","n/a","n/a","n/a","n/a","https://www.nasdaq.com/symbol/axs^e",
"AXGN","AxoGen, Inc.","38.9","$1.34B","n/a","Health Care","Biotechnology: Electromedical & Electrotherapeutic Apparatus","https://www.nasdaq.com/symbol/axgn",
"AAXN","Axon Enterprise, Inc.","42.97","$2.28B","n/a","Capital Goods","Ordnance And Accessories","https://www.nasdaq.com/symbol/aaxn",
"AXON          ","Axovant Sciences Ltd.","1.17","$126.11M","n/a","Health Care","Major Pharmaceuticals","https://www.nasdaq.com/symbol/axon",
"AXSM","Axsome Therapeutics, Inc.","2.5","$63.73M","2015","Health Care","Major Pharmaceuticals","https://www.nasdaq.com/symbol/axsm",
"AXTI","AXT Inc","6.8","$268M","1998","Technology","Semiconductors","https://www.nasdaq.com/symbol/axti",
"AYTU","Aytu BioScience, Inc.","0.5078","$13.77M","n/a","Health Care","Major Pharmaceuticals","https://www.nasdaq.com/symbol/aytu",
"AZUL","Azul S.A.","31.58","$3.52B","2017","Transportation","Air Freight/Delivery Services","https://www.nasdaq.com/symbol/azul",
"AZRE","Azure Power Global Limited","14.1","$366.39M","2016","Public Utilities","Electric Utilities: Central","https://www.nasdaq.com/symbol/azre",
"AZRX","AzurRx BioPharma, Inc.","3.5","$44M","2016","Health Care","Major Pharmaceuticals","https://www.nasdaq.com/symbol/azrx",
"AZZ","AZZ Inc.","45.8","$1.19B","n/a","Consumer Durables","Building Products","https://www.nasdaq.com/symbol/azz",
